Transaction Date,Post Date,Description,Category,Type,Amount,Memo
1/1/25,1/3/25,TRAVEL SVC 123,Travel,Sale,-193.31,
1/1/25,1/1/25,AMAZON MKTPL*31E44919,Shopping,Sale,-100.82,
1/1/25,1/2/25,FEES & ADJUSTMENTS SVC 614,Fees & Adjustments,Fee,-43.37,
1/1/25,1/4/25,FEES & ADJUSTMENTS SVC 614,Fees & Adjustments,Adjustment,418.91,
1/1/25,1/1/25,ONLINE PAYMENT - THANK YOU,Travel,Payment,282.68,
1/1/25,1/4/25,G&D SVC 147,Gifts & Donations,Sale,-108.82,
1/1/25,1/3/25,IGA #476,Groceries,Sale,-72.24,
1/1/25,1/2/25,BP 5328,Gas,Sale,-70.62,
1/1/25,1/3/25,KROGER #769,Groceries,Sale,-203.04,
1/1/25,1/4/25,IGA #332,Groceries,Sale,-12.38,
1/1/25,1/2/25,IGA #560,Groceries,Sale,-10.23,
1/1/25,1/4/25,KROGER #769,Groceries,Sale,-11.08,
1/1/25,1/1/25,IGA #332,Groceries,Sale,-11.08,
1/1/25,1/1/25,WALMART #846,Groceries,Sale,-16.73,
1/1/25,1/3/25,IGA #449,Groceries,Sale,-10.23,
1/1/25,1/4/25,KROGER #545,Groceries,Sale,-10.87,
1/1/25,1/1/25,IGA #476,Groceries,Sale,-10.23,
1/1/25,1/2/25,KROGER #639,Groceries,Sale,-10.23,
1/1/25,1/3/25,KROGER #317,Groceries,Sale,-10.23,
1/1/25,1/1/25,WALMART #452,Groceries,Sale,-10.23,
1/1/25,1/2/25,IGA #168,Groceries,Sale,-10.23,
1/3/25,1/3/25,RETURN - HOME DEPOT,Shopping,Return,391.24,
1/3/25,1/5/25,WALMART #175,Groceries,Sale,-11.27,
1/3/25,1/5/25,IGA #449,Groceries,Sale,-156.41,
1/3/25,1/5/25,WALMART #846,Groceries,Sale,-100.29,
1/3/25,1/4/25,KROGER #639,Groceries,Sale,-10.87,
1/3/25,1/6/25,WALMART #175,Groceries,Sale,-218.42,
1/3/25,1/3/25,IGA #168,Groceries,Sale,-124.78,
1/3/25,1/4/25,IGA #332,Groceries,Sale,-10.23,
1/3/25,1/4/25,KROGER #545,Groceries,Sale,-10.23,
1/3/25,1/5/25,IGA #168,Groceries,Sale,-10.23,
1/6/25,1/8/25,IGA #168,Groceries,Sale,-72.24,
1/6/25,1/9/25,IGA #476,Groceries,Sale,-264.44,
1/6/25,1/6/25,ONLINE PAYMENT - THANK YOU,Gifts & Donations,Payment,499.07,
1/6/25,1/8/25,KROGER #639,Groceries,Sale,-11.08,
1/6/25,1/7/25,KROGER #317,Groceries,Sale,-10.23,
1/6/25,1/8/25,WALMART #846,Groceries,Sale,-10.23,
1/6/25,1/6/25,IGA #560,Groceries,Sale,-10.23,
1/6/25,1/9/25,IGA #449,Groceries,Sale,-10.23,
1/6/25,1/9/25,KROGER #545,Groceries,Sale,-10.23,
1/6/25,1/9/25,KROGER #769,Groceries,Sale,-10.23,
1/7/25,1/10/25,SPEEDWAY 3418,Gas,Sale,-78.43,
1/7/25,1/8/25,ONLINE PAYMENT - THANK YOU,Education,Payment,1093.08,
1/7/25,1/7/25,KROGER #769,Groceries,Sale,-86.3,
1/7/25,1/7/25,ONLINE PAYMENT - THANK YOU,Food & Drink,Payment,1217.51,
1/7/25,1/9/25,IGA #476,Groceries,Sale,-100.86,
1/7/25,1/7/25,IGA #560,Groceries,Sale,-156.41,
1/7/25,1/9/25,IGA #332,Groceries,Sale,-33.45,
1/7/25,1/7/25,IGA #449,Groceries,Sale,-193.31,
1/7/25,1/9/25,WALMART #175,Groceries,Sale,-11.08,
1/7/25,1/9/25,KROGER #545,Groceries,Sale,-11.08,
1/7/25,1/7/25,IGA #332,Groceries,Sale,-10.23,
1/7/25,1/8/25,KROGER #769,Groceries,Sale,-10.23,
1/7/25,1/10/25,IGA #560,Groceries,Sale,-10.23,
1/7/25,1/9/25,WALMART #452,Groceries,Sale,-10.23,
1/10/25,1/11/25,FEES & ADJUSTMENTS SVC 423,Fees & Adjustments,Fee,-22.09,
1/10/25,1/10/25,BP 5012,Gas,Sale,-70.62,
1/10/25,1/10/25,IGA #476,Groceries,Sale,-245.87,
1/10/25,1/12/25,ONLINE PAYMENT - THANK THANK YOU,Fees & Adjustments,Adjustment,391.24,
1/10/25,1/11/25,ONLINE PAYMENT - THANK YOU,Travel,Payment,3194.06,
1/10/25,1/12/25,KROGER #769,Groceries,Sale,-203.04,
1/10/25,1/12/25,IGA #476,Groceries,Sale,-125.13,
1/10/25,1/12/25,KROGER #545,Groceries,Sale,-290.07,
1/10/25,1/11/25,GAS SVC 731,Gas,Sale,-78.93,
1/10/25,1/12/25,IGA #168,Groceries,Sale,-11.08,
1/10/25,1/13/25,WALMART #846,Groceries,Sale,-193.31,
1/10/25,1/12/25,IGA #449,Groceries,Sale,-245.87,
1/10/25,1/11/25,KROGER #639,Groceries,Sale,-125.13,
1/10/25,1/13/25,KROGER #317,Groceries,Sale,-270.83,
1/10/25,1/10/25,WALMART #452,Groceries,Sale,-31.25,
1/10/25,1/11/25,IGA #449,Groceries,Sale,-31.84,
1/10/25,1/10/25,IGA #332,Groceries,Sale,-191.13,
1/10/25,1/12/25,IGA #560,Groceries,Sale,-10.23,
1/10/25,1/12/25,WALMART #452,Groceries,Sale,-290.79,
1/10/25,1/13/25,IGA #560,Groceries,Sale,-234.33,
1/10/25,1/13/25,KROGER #545,Groceries,Sale,-11.08,
1/10/25,1/13/25,WALMART #452,Groceries,Sale,-10.23,
1/10/25,1/11/25,IGA #332,Groceries,Sale,-10.23,
1/10/25,1/10/25,IGA #168,Groceries,Sale,-10.23,
1/10/25,1/13/25,KROGER #317,Groceries,Sale,-10.23,
1/10/25,1/11/25,WALMART #175,Groceries,Sale,-10.23,
1/10/25,1/11/25,KROGER #545,Groceries,Sale,-10.23,
1/10/25,1/10/25,KROGER #769,Groceries,Sale,-10.23,
1/10/25,1/12/25,KROGER #639,Groceries,Sale,-10.23,
1/11/25,1/11/25,WALMART #175,Groceries,Sale,-193.31,
1/11/25,1/14/25,IGA #449,Groceries,Sale,-270.83,
1/11/25,1/14/25,KROGER #769,Groceries,Sale,-100.86,
1/11/25,1/13/25,KROGER #317,Groceries,Sale,-11.08,
1/11/25,1/14/25,GROCERIES SVC 583,Groceries,Sale,-10.87,
1/11/25,1/13/25,IGA #168,Groceries,Sale,-191.13,
1/11/25,1/12/25,KROGER #545,Groceries,Sale,-217.91,
1/11/25,1/12/25,KROGER #545,Groceries,Sale,-16.73,
1/11/25,1/13/25,KROGER #639,Groceries,Sale,-10.87,
1/11/25,1/14/25,IGA #560,Groceries,Sale,-10.23,
1/11/25,1/13/25,KROGER #769,Groceries,Sale,-10.23,
1/11/25,1/12/25,WALMART #846,Groceries,Sale,-10.87,
1/11/25,1/12/25,IGA #168,Groceries,Sale,-10.23,
1/11/25,1/11/25,IGA #476,Groceries,Sale,-10.23,
1/11/25,1/14/25,KROGER #545,Groceries,Sale,-10.23,
1/11/25,1/13/25,IGA #476,Groceries,Sale,-10.23,
1/11/25,1/13/25,WALMART #452,Groceries,Sale,-10.23,
1/11/25,1/12/25,IGA #332,Groceries,Sale,-10.23,
1/11/25,1/13/25,KROGER #639,Groceries,Sale,-10.23,
1/11/25,1/14/25,KROGER #769,Groceries,Sale,-10.23,
1/16/25,1/18/25,KROGER #317,Groceries,Sale,-151.78,
1/16/25,1/18/25,IGA #476,Groceries,Sale,-271.84,
1/16/25,1/17/25,WALMART #846,Groceries,Sale,-290.79,
1/16/25,1/19/25,WALMART #175,Groceries,Sale,-53.49,
1/16/25,1/19/25,KROGER #639,Groceries,Sale,-245.87,
1/16/25,1/18/25,IGA #560,Groceries,Sale,-290.79,
1/16/25,1/19/25,IGA #449,Groceries,Sale,-271.84,
1/16/25,1/16/25,ONLINE PAYMENT - THANK YOU,Professional Services,Payment,282.68,
1/16/25,1/17/25,IGA #332,Groceries,Sale,-290.07,
1/16/25,1/18/25,IGA #476,Groceries,Sale,-10.23,
1/16/25,1/18/25,KROGER #317,Groceries,Sale,-10.87,
1/16/25,1/17/25,IGA #449,Groceries,Sale,-10.23,
1/16/25,1/18/25,WALMART #846,Groceries,Sale,-10.23,
1/16/25,1/16/25,IGA #560,Groceries,Sale,-10.23,
1/16/25,1/19/25,KROGER #639,Groceries,Sale,-10.23,
1/16/25,1/19/25,IGA #332,Groceries,Sale,-10.23,
1/16/25,1/17/25,IGA #449,Groceries,Sale,-10.23,
1/16/25,1/17/25,IGA #476,Groceries,Sale,-10.23,
1/16/25,1/18/25,WALMART #452,Groceries,Sale,-10.23,
1/17/25,1/20/25,SUNOCO 1157,Gas,Sale,-72.68,
1/17/25,1/17/25,SUNOCO 8243,Gas,Sale,-70.92,
1/17/25,1/17/25,ONLINE PAYMENT - THANK YOU,Groceries,Payment,1843.43,
1/17/25,1/19/25,GROCERIES SVC 345,Groceries,Sale,-117.84,
1/17/25,1/20/25,IGA #449,Groceries,Sale,-151.78,
1/17/25,1/19/25,IGA #449,Groceries,Sale,-100.86,
1/17/25,1/19/25,IGA #560,Groceries,Sale,-30.56,
1/17/25,1/19/25,KROGER #545,Groceries,Sale,-203.35,
1/17/25,1/17/25,WALMART #175,Groceries,Sale,-33.45,
1/17/25,1/19/25,KROGER #769,Groceries,Sale,-125.13,
1/17/25,1/18/25,IGA #168,Groceries,Sale,-117.84,
1/17/25,1/18/25,KROGER #639,Groceries,Sale,-10.23,
1/17/25,1/20/25,IGA #332,Groceries,Sale,-10.23,
1/17/25,1/17/25,IGA #332,Groceries,Sale,-10.23,
1/17/25,1/20/25,WALMART #452,Groceries,Sale,-10.23,
1/17/25,1/19/25,WALMART #452,Groceries,Sale,-10.23,
1/18/25,1/18/25,ONLINE PAYMENT - THANK YOU,Personal,Payment,714.28,
1/18/25,1/21/25,SHOPPING SVC 30,Shopping,Sale,-133.74,
1/18/25,1/20/25,IGA #560,Groceries,Sale,-234.33,
1/18/25,1/19/25,IGA #449,Groceries,Sale,-167.31,
1/18/25,1/20/25,IGA #332,Groceries,Sale,-218.42,
1/18/25,1/18/25,KROGER #769,Groceries,Sale,-10.87,
1/18/25,1/18/25,WALMART #452,Groceries,Sale,-100.86,
1/18/25,1/20/25,WALMART #175,Groceries,Sale,-11.08,
1/18/25,1/20/25,KROGER #317,Groceries,Sale,-10.23,
1/18/25,1/20/25,IGA #560,Groceries,Sale,-10.87,
1/18/25,1/20/25,KROGER #639,Groceries,Sale,-10.23,
1/18/25,1/21/25,IGA #332,Groceries,Sale,-10.23,
1/18/25,1/18/25,IGA #476,Groceries,Sale,-10.23,
1/18/25,1/21/25,WALMART #846,Groceries,Sale,-10.23,
1/18/25,1/20/25,WALMART #452,Groceries,Sale,-10.23,
1/18/25,1/21/25,IGA #449,Groceries,Sale,-10.23,
1/20/25,1/21/25,KROGER #639,Groceries,Sale,-29.43,
1/20/25,1/21/25,HOME SVC 16,Home,Sale,-203.24,
1/20/25,1/20/25,ONLINE PAYMENT - THANK YOU,Fees & Adjustments,Payment,2263.29,
1/20/25,1/23/25,GROCERIES SVC 583,Groceries,Sale,-72.24,
1/20/25,1/21/25,KROGER #317,Groceries,Sale,-245.87,
1/20/25,1/22/25,KROGER #639,Groceries,Sale,-160.05,
1/20/25,1/21/25,BP 5012,Gas,Sale,-70.62,
1/20/25,1/21/25,ONLINE PAYMENT - THANK YOU,Shopping,Payment,714.28,
1/20/25,1/23/25,KROGER #545,Groceries,Sale,-10.87,
1/20/25,1/21/25,IGA #449,Groceries,Sale,-234.33,
1/20/25,1/20/25,IGA #332,Groceries,Sale,-11.08,
1/20/25,1/23/25,WALMART #846,Groceries,Sale,-114.2,
1/20/25,1/23/25,IGA #476,Groceries,Sale,-16.48,
1/20/25,1/21/25,WALMART #452,Groceries,Sale,-234.33,
1/20/25,1/21/25,IGA #560,Groceries,Sale,-10.87,
1/20/25,1/22/25,WALMART #846,Groceries,Sale,-11.08,
1/20/25,1/21/25,IGA #168,Groceries,Sale,-10.23,
1/20/25,1/21/25,KROGER #317,Groceries,Sale,-10.87,
1/20/25,1/22/25,IGA #449,Groceries,Sale,-10.23,
1/20/25,1/20/25,WALMART #846,Groceries,Sale,-10.23,
1/20/25,1/21/25,IGA #168,Groceries,Sale,-10.23,
1/20/25,1/23/25,KROGER #545,Groceries,Sale,-10.23,
1/20/25,1/22/25,KROGER #769,Groceries,Sale,-10.23,
1/20/25,1/22/25,IGA #332,Groceries,Sale,-10.23,
1/20/25,1/21/25,WALMART #175,Groceries,Sale,-10.23,
1/22/25,1/22/25,STARBUCKS 7449,Food & Drink,Sale,-17.22,
1/22/25,1/22/25,IGA #449,Groceries,Sale,-151.78,
1/22/25,1/24/25,BP 5012,Gas,Sale,-59.83,
1/22/25,1/22/25,ONLINE PAYMENT - THANK YOU,Health & Wellness,Payment,282.68,
1/22/25,1/25/25,IGA #476,Groceries,Sale,-124.78,
1/22/25,1/23/25,IGA #332,Groceries,Sale,-203.35,
1/22/25,1/24/25,IGA #560,Groceries,Sale,-167.31,
1/22/25,1/25/25,WALMART #452,Groceries,Sale,-11.08,
1/22/25,1/25/25,IGA #449,Groceries,Sale,-7.37,
1/22/25,1/25/25,KROGER #317,Groceries,Sale,-203.04,
1/22/25,1/23/25,KROGER #639,Groceries,Sale,-100.29,
1/22/25,1/25/25,IGA #332,Groceries,Sale,-151.78,
1/22/25,1/24/25,WALMART #175,Groceries,Sale,-156.41,
1/22/25,1/23/25,IGA #168,Groceries,Sale,-11.08,
1/22/25,1/25/25,IGA #449,Groceries,Sale,-100.29,
1/22/25,1/23/25,WALMART #175,Groceries,Sale,-11.08,
1/22/25,1/23/25,IGA #449,Groceries,Sale,-10.87,
1/22/25,1/23/25,KROGER #639,Groceries,Sale,-10.23,
1/22/25,1/22/25,KROGER #545,Groceries,Sale,-10.23,
1/22/25,1/25/25,KROGER #769,Groceries,Sale,-10.23,
1/22/25,1/24/25,IGA #560,Groceries,Sale,-10.23,
1/22/25,1/24/25,KROGER #317,Groceries,Sale,-10.23,
1/22/25,1/25/25,IGA #476,Groceries,Sale,-10.23,
1/22/25,1/25/25,IGA #168,Groceries,Sale,-10.23,
1/22/25,1/22/25,IGA #449,Groceries,Sale,-10.23,
1/22/25,1/24/25,WALMART #452,Groceries,Sale,-10.23,
1/22/25,1/23/25,KROGER #639,Groceries,Sale,-10.23,
1/25/25,1/28/25,AMAZON MKTPL*31E44919,Shopping,Sale,-140.75,
1/26/25,1/28/25,ENTERTAINMENT SVC 947,Entertainment,Sale,-133.46,
1/26/25,1/26/25,WALMART #452,Groceries,Sale,-10.23,
1/26/25,1/29/25,IGA #449,Groceries,Sale,-117.84,
1/26/25,1/26/25,ONLINE PAYMENT - THANK YOU,Travel,Payment,1451.98,
1/26/25,1/26/25,IGA #476,Groceries,Sale,-31.25,
1/26/25,1/26/25,IGA #332,Groceries,Sale,-10.87,
1/26/25,1/27/25,KROGER #545,Groceries,Sale,-167.31,
1/26/25,1/28/25,KROGER #639,Groceries,Sale,-100.29,
1/26/25,1/29/25,KROGER #317,Groceries,Sale,-114.2,
1/26/25,1/28/25,KROGER #545,Groceries,Sale,-151.78,
1/26/25,1/29/25,KROGER #769,Groceries,Sale,-191.13,
1/26/25,1/27/25,IGA #332,Groceries,Sale,-11.08,
1/26/25,1/27/25,KROGER #317,Groceries,Sale,-10.87,
1/26/25,1/29/25,WALMART #175,Groceries,Sale,-16.73,
1/26/25,1/27/25,WALMART #175,Groceries,Sale,-11.08,
1/26/25,1/27/25,IGA #449,Groceries,Sale,-11.08,
1/26/25,1/29/25,KROGER #639,Groceries,Sale,-203.35,
1/26/25,1/29/25,IGA #168,Groceries,Sale,-11.08,
1/26/25,1/27/25,WALMART #452,Groceries,Sale,-10.23,
1/26/25,1/28/25,KROGER #769,Groceries,Sale,-10.23,
1/26/25,1/26/25,KROGER #317,Groceries,Sale,-10.23,
1/26/25,1/29/25,WALMART #452,Groceries,Sale,-10.23,
1/26/25,1/27/25,IGA #476,Groceries,Sale,-10.23,
1/26/25,1/28/25,IGA #449,Groceries,Sale,-10.23,
1/26/25,1/27/25,KROGER #639,Groceries,Sale,-10.23,
1/26/25,1/28/25,IGA #560,Groceries,Sale,-10.23,
1/26/25,1/28/25,KROGER #545,Groceries,Sale,-10.23,
1/27/25,1/27/25,SPEEDWAY 4811,Gas,Sale,-12.09,
1/29/25,1/29/25,PROFESSIONAL SERVICES SVC 764,Professional Services,Sale,-112.38,
1/29/25,1/30/25,BP 5328,Gas,Sale,-61.76,
2/1/25,2/2/25,KROGER #317,Groceries,Sale,-30.56,
2/1/25,2/4/25,GROCERIES SVC 345,Groceries,Sale,-125.13,
2/1/25,2/4/25,WALMART #452,Groceries,Sale,-156.41,
2/1/25,2/2/25,IGA #449,Groceries,Sale,-10.87,
2/1/25,2/3/25,KROGER #317,Groceries,Sale,-114.2,
2/1/25,2/4/25,IGA #560,Groceries,Sale,-270.83,
2/1/25,2/4/25,KROGER #639,Groceries,Sale,-117.84,
2/1/25,2/1/25,IGA #168,Groceries,Sale,-10.23,
2/1/25,2/2/25,KROGER #769,Groceries,Sale,-10.23,
2/1/25,2/4/25,IGA #449,Groceries,Sale,-10.23,
2/1/25,2/2/25,WALMART #175,Groceries,Sale,-10.23,
2/1/25,2/3/25,IGA #332,Groceries,Sale,-10.23,
2/3/25,2/6/25,PROFESSIONAL SERVICES SVC 764,Professional Services,Sale,-356.59,
2/3/25,2/3/25,ONLINE PAYMENT - THANK YOU,Automotive,Payment,282.68,
2/3/25,2/4/25,BP 8153,Gas,Sale,-78.43,
2/3/25,2/6/25,KROGER #545,Groceries,Sale,-290.79,
2/3/25,2/6/25,WALMART #175,Groceries,Sale,-290.07,
2/3/25,2/4/25,WALMART #846,Groceries,Sale,-12.38,
2/3/25,2/6/25,KROGER #639,Groceries,Sale,-10.23,
2/3/25,2/6/25,IGA #560,Groceries,Sale,-10.23,
2/3/25,2/5/25,IGA #449,Groceries,Sale,-10.23,
2/3/25,2/4/25,IGA #332,Groceries,Sale,-10.23,
2/3/25,2/4/25,KROGER #639,Groceries,Sale,-10.23,
2/4/25,2/5/25,BILLS & UTILITIES SVC 226,Bills & Utilities,Sale,-111.45,
2/4/25,2/6/25,FEES & ADJUSTMENTS SVC 423,Fees & Adjustments,Fee,-16.92,
2/4/25,2/7/25,KROGER #769,Groceries,Sale,-11.08,
2/4/25,2/7/25,FEES & ADJUSTMENTS SVC 423,Fees & Adjustments,Fee,-20.59,
2/4/25,2/4/25,ONLINE PAYMENT - THANK YOU,Personal,Payment,1451.98,
2/4/25,2/6/25,KROGER #545,Groceries,Sale,-11.08,
2/4/25,2/6/25,IGA #476,Groceries,Sale,-117.84,
2/4/25,2/6/25,KROGER #769,Groceries,Sale,-203.35,
2/4/25,2/5/25,IGA #476,Groceries,Sale,-10.87,
2/4/25,2/4/25,IGA #449,Groceries,Sale,-10.23,
2/4/25,2/5/25,WALMART #175,Groceries,Sale,-10.23,
2/4/25,2/7/25,IGA #168,Groceries,Sale,-10.23,
2/4/25,2/5/25,KROGER #639,Groceries,Sale,-10.23,
2/4/25,2/6/25,IGA #332,Groceries,Sale,-10.23,
2/4/25,2/7/25,KROGER #317,Groceries,Sale,-10.23,
2/5/25,2/7/25,BP 5012,Gas,Sale,-70.62,
2/5/25,2/7/25,IGA #449,Groceries,Sale,-245.87,
2/5/25,2/7/25,IGA #560,Groceries,Sale,-100.86,
2/5/25,2/8/25,KROGER #769,Groceries,Sale,-124.78,
2/5/25,2/7/05,KROGER #317,Groceries,Sale,-10.23,
2/5/25,2/5/25,WALMART #452,Groceries,Sale,-10.23,
2/5/25,2/7/25,WALMART #846,Groceries,Sale,-10.23,
2/5/25,2/8/25,IGA #332,Groceries,Sale,-10.23,
2/5/25,2/7/25,KROGER #545,Groceries,Sale,-10.23,
2/5/25,2/8/25,IGA #168,Groceries,Sale,-10.23,
2/5/25,2/7/25,IGA #560,Groceries,Sale,-10.23,
2/6/25,2/7/25,STARBUCKS 7449,Food & Drink,Sale,-2.32,
2/7/25,2/7/25,WALMART #175,Groceries,Sale,-234.33,
2/9/25,2/10/25,WALMART #846,Groceries,Sale,-100.29,
2/9/25,2/9/25,BILLS & UTILITIES SVC 770,Bills & Utilities,Sale,-48.97,
2/9/25,2/10/25,G&D SVC 773,Gifts & Donations,Sale,-270.67,
2/9/25,2/10/25,GROCERIES SVC 345,Groceries,Sale,-270.83,
2/9/25,2/9/25,GROCERIES SVC 583,Groceries,Sale,-71.42,
2/9/25,2/10/25,GAS SVC 731,Gas,Sale,-27.42,
2/9/25,2/11/25,ONLINE PAYMENT - THANK YOU,Professional Services,Payment,1093.08,
2/9/25,2/12/25,BP 5012,Gas,Sale,-70.92,
2/9/25,2/10/25,WALMART #175,Groceries,Sale,-100.86,
2/9/25,2/10/25,FEES & ADJUSTMENTS SVC 423,Fees & Adjustments,Adjustment,418.91,
2/9/25,2/12/25,WALMART #452,Groceries,Sale,-30.56,
2/9/25,2/10/25,IGA #332,Groceries,Sale,-290.07,
2/9/25,2/12/25,IGA #449,Groceries,Sale,-290.79,
2/9/25,2/10/25,GROCERIES SVC 583,Groceries,Sale,-151.78,
2/9/25,2/11/25,WALMART #846,Groceries,Sale,-31.25,
2/9/25,2/11/25,IGA #332,Groceries,Sale,-117.84,
2/9/25,2/11/25,KROGER #317,Groceries,Sale,-14.93,
2/9/25,2/12/25,WALMART #846,Groceries,Sale,-10.87,
2/9/25,2/10/25,KROGER #545,Groceries,Sale,-10.23,
2/9/25,2/12/25,IGA #168,Groceries,Sale,-100.86,
2/9/25,2/11/25,WALMART #452,Groceries,Sale,-10.23,
2/9/25,2/9/25,KROGER #545,Groceries,Sale,-10.23,
2/9/25,2/12/25,KROGER #639,Groceries,Sale,-10.23,
2/9/25,2/10/25,IGA #476,Groceries,Sale,-10.23,
2/9/25,2/10/25,IGA #332,Groceries,Sale,-10.23,
2/9/25,2/11/25,KROGER #545,Groceries,Sale,-10.23,
2/10/25,2/13/25,PERSONAL SVC 791,Personal,Sale,-108.44,
2/10/25,2/11/25,ONLINE PAYMENT - THANK YOU,Home,Payment,3194.06,
2/10/25,2/11/25,IGA #168,Groceries,Sale,-33.45,
2/10/25,2/12/25,KROGER #639,Groceries,Sale,-218.42,
2/10/25,2/13/25,SPEEDWAY 7291,Gas,Sale,-66.6,
2/10/25,2/11/25,ONLINE PAYMENT - THANK YOU,Shopping,Payment,343.43,
2/10/25,2/13/25,KROGER #639,Groceries,Sale,-203.04,
2/10/25,2/11/25,WALMART #846,Groceries,Sale,-30.56,
2/10/25,2/13/25,GROCERIES SVC 583,Groceries,Sale,-203.35,
2/10/25,2/13/25,IGA #332,Groceries,Sale,-16.73,
2/10/25,2/13/25,IGA #449,Groceries,Sale,-16.73,
2/10/25,2/11/25,IGA #476,Groceries,Sale,-10.87,
2/10/25,2/12/25,WALMART #452,Groceries,Sale,-191.13,
2/10/25,2/13/25,IGA #476,Groceries,Sale,-11.08,
2/10/25,2/13/25,WALMART #175,Groceries,Sale,-16.48,
2/10/25,2/12/25,KROGER #545,Groceries,Sale,-193.31,
2/10/25,2/12/25,IGA #332,Groceries,Sale,-11.08,
2/10/25,2/13/25,IGA #168,Groceries,Sale,-10.23,
2/10/25,2/12/25,KROGER #769,Groceries,Sale,-10.23,
2/10/25,2/10/25,WALMART #452,Groceries,Sale,-10.23,
2/10/25,2/11/25,IGA #560,Groceries,Sale,-10.23,
2/10/25,2/13/25,KROGER #545,Groceries,Sale,-10.23,
2/10/25,2/11/25,KROGER #317,Groceries,Sale,-10.23,
2/10/25,2/11/25,IGA #449,Groceries,Sale,-10.23,
2/10/25,2/13/25,IGA #560,Groceries,Sale,-10.23,
2/10/25,2/11/25,IGA #168,Groceries,Sale,-10.23,
2/10/25,2/11/25,WALMART #175,Groceries,Sale,-10.23,
2/10/25,2/12/25,IGA #449,Groceries,Sale,-10.23,
2/10/25,2/13/25,KROGER #317,Groceries,Sale,-10.23,
2/10/25,2/12/25,KROGER #769,Groceries,Sale,-10.23,
2/10/25,2/10/25,IGA #332,Groceries,Sale,-10.23,
2/10/25,2/11/25,KROGER #639,Groceries,Sale,-10.23,
2/11/25,2/11/25,BP 5012,Gas,Sale,-77.08,
2/11/25,2/13/25,DUBOIS COUNTY TIRE &amp; SUPP - SVC,Automotive,Sale,-22.84,
2/11/25,2/14/25,KROGER #769,Groceries,Sale,-203.04,
2/11/25,2/12/25,BILLS & UTILITIES SVC 226,Bills & Utilities,Sale,-111.45,
2/11/25,2/13/25,KROGER #639,Groceries,Sale,-11.08,
2/11/25,2/14/25,IGA #560,Groceries,Sale,-117.84,
2/11/25,2/12/25,IGA #449,Groceries,Sale,-31.63,
2/11/25,2/12/25,KROGER #317,Groceries,Sale,-11.08,
2/11/25,2/14/25,IGA #168,Groceries,Sale,-203.35,
2/11/25,2/12/25,KROGER #769,Groceries,Sale,-31.63,
2/11/25,2/13/25,KROGER #545,Groceries,Sale,-203.04,
2/11/25,2/11/25,KROGER #545,Groceries,Sale,-117.84,
2/11/25,2/12/25,KROGER #639,Groceries,Sale,-14.93,
2/11/25,2/12/25,KROGER #769,Groceries,Sale,-10.87,
2/11/25,2/14/25,WALMART #175,Groceries,Sale,-10.87,
2/11/25,2/11/25,KROGER #639,Groceries,Sale,-10.23,
2/11/25,2/14/25,IGA #449,Groceries,Sale,-10.23,
2/11/25,2/13/25,WALMART #452,Groceries,Sale,-10.23,
2/11/25,2/14/25,KROGER #317,Groceries,Sale,-10.23,
2/11/25,2/12/25,KROGER #545,Groceries,Sale,-10.23,
2/13/25,2/16/25,GAS SVC 731,Gas,Sale,-11.27,
2/13/25,2/15/25,WALMART #846,Groceries,Sale,-245.87,
2/13/25,2/13/25,ONLINE PAYMENT - THANK YOU,Gifts & Donations,Payment,282.68,
2/13/25,2/13/25,IGA #449,Groceries,Sale,-270.83,
2/13/25,2/16/25,IGA #560,Groceries,Sale,-16.73,
2/13/25,2/15/25,IGA #168,Groceries,Sale,-270.83,
2/13/25,2/16/25,KROGER #545,Groceries,Sale,-114.2,
2/13/25,2/16/25,KROGER #317,Groceries,Sale,-16.73,
2/13/25,2/15/25,KROGER #639,Groceries,Sale,-10.87,
2/13/25,2/14/25,IGA #476,Groceries,Sale,-10.23,
2/13/25,2/14/25,IGA #449,Groceries,Sale,-10.23,
2/13/25,2/14/25,IGA #332,Groceries,Sale,-10.23,
2/13/25,2/16/25,KROGER #769,Groceries,Sale,-10.23,
2/13/25,2/13/25,KROGER #317,Groceries,Sale,-10.23,
2/13/25,2/16/25,IGA #449,Groceries,Sale,-10.23,
2/16/25,2/18/25,IGA #476,Groceries,Sale,-50.29,
2/16/25,2/16/25,KROGER #545,Groceries,Sale,-12.38,
2/16/25,2/16/25,IGA #168,Groceries,Sale,-203.04,
2/16/25,2/19/25,ENTERTAINMENT SVC 947,Entertainment,Sale,-133.46,
2/16/25,2/18/25,KROGER #545,Groceries,Sale,-11.08,
2/16/25,2/17/25,KROGER #769,Groceries,Sale,-290.79,
2/16/25,2/18/25,KROGER #769,Groceries,Sale,-151.78,
2/16/25,2/17/25,WALMART #175,Groceries,Sale,-10.87,
2/16/25,2/19/25,KROGER #545,Groceries,Sale,-151.78,
2/16/25,2/16/25,IGA #332,Groceries,Sale,-11.08,
2/16/25,2/16/25,KROGER #317,Groceries,Sale,-203.35,
2/16/25,2/17/25,IGA #449,Groceries,Sale,-100.86,
2/16/25,2/17/25,IGA #560,Groceries,Sale,-10.23,
2/16/25,2/18/25,WALMART #175,Groceries,Sale,-10.23,
2/16/25,2/19/25,IGA #476,Groceries,Sale,-10.23,
2/16/25,2/16/25,KROGER #769,Groceries,Sale,-10.23,
2/16/25,2/19/25,WALMART #846,Groceries,Sale,-10.23,
2/16/25,2/17/25,IGA #332,Groceries,Sale,-10.23,
2/18/25,2/19/25,BP 8153,Gas,Sale,-70.83,
2/18/25,2/18/25,GROCERIES SVC 583,Groceries,Sale,-124.78,
2/18/25,2/21/25,KROGER #545,Groceries,Sale,-31.25,
2/18/25,2/20/25,IGA #476,Groceries,Sale,-151.78,
2/18/25,2/20/25,IGA #168,Groceries,Sale,-10.23,
2/18/25,2/21/25,KROGER #639,Groceries,Sale,-16.73,
2/18/25,2/19/25,IGA #332,Groceries,Sale,-203.35,
2/18/25,2/21/25,IGA #449,Groceries,Sale,-31.84,
2/18/25,2/19/25,KROGER #639,Groceries,Sale,-114.2,
2/18/25,2/20/25,KROGER #769,Groceries,Sale,-11.08,
2/18/25,2/20/25,IGA #560,Groceries,Sale,-11.08,
2/18/25,2/19/25,KROGER #545,Groceries,Sale,-16.73,
2/18/25,2/20/25,IGA #332,Groceries,Sale,-11.08,
2/18/25,2/19/25,KROGER #769,Groceries,Sale,-10.23,
2/18/25,2/21/25,WALMART #452,Groceries,Sale,-10.23,
2/18/25,2/18/25,IGA #560,Groceries,Sale,-10.23,
2/18/25,2/19/25,IGA #449,Groceries,Sale,-10.23,
2/18/25,2/18/25,KROGER #317,Groceries,Sale,-10.23,
2/18/25,2/20/25,IGA #168,Groceries,Sale,-10.23,
2/18/25,2/20/25,WALMART #846,Groceries,Sale,-10.23,
2/20/25,2/20/25,ONLINE PAYMENT - THANK YOU,Bills & Utilities,Payment,1093.08,
2/20/25,2/21/25,IGA #560,Groceries,Sale,-290.79,
2/20/25,2/20/25,ONLINE PAYMENT - THANK YOU,Education,Payment,282.68,
2/20/25,2/23/25,KROGER #317,Groceries,Sale,-31.25,
2/20/25,2/20/25,KROGER #317,Groceries,Sale,-160.05,
2/20/25,2/23/25,IGA #168,Groceries,Sale,-12.38,
2/20/25,2/22/25,IGA #560,Groceries,Sale,-100.29,
2/20/25,2/22/25,IGA #168,Groceries,Sale,-16.73,
2/20/25,2/23/25,IGA #476,Groceries,Sale,-16.73,
2/20/25,2/22/25,KROGER #639,Groceries,Sale,-156.41,
2/20/25,2/22/25,IGA #332,Groceries,Sale,-10.23,
2/20/25,2/23/25,IGA #476,Groceries,Sale,-10.23,
2/20/25,2/22/25,WALMART #452,Groceries,Sale,-10.23,
2/20/25,2/21/25,IGA #449,Groceries,Sale,-10.23,
2/20/25,2/23/25,KROGER #769,Groceries,Sale,-10.23,
2/20/25,2/21/25,KROGER #317,Groceries,Sale,-10.23,
2/20/25,2/23/25,IGA #560,Groceries,Sale,-10.23,
2/20/25,2/22/25,IGA #476,Groceries,Sale,-10.23,
2/20/25,2/21/25,WALMART #846,Groceries,Sale,-10.23,
2/20/25,2/21/25,KROGER #639,Groceries,Sale,-10.23,
2/20/25,2/21/25,IGA #168,Groceries,Sale,-10.23,
2/20/25,2/23/25,IGA #168,Groceries,Sale,-10.23,
2/21/25,2/23/25,FEES & ADJUSTMENTS SVC 614,Fees & Adjustments,Adjustment,382.72,
2/21/25,2/23/25,IGA #168,Groceries,Sale,-33.45,
2/21/25,2/23/25,KROGER #317,Groceries,Sale,-264.44,
2/21/25,2/21/25,ONLINE PAYMENT - THANK YOU,Automotive,Payment,714.28,
2/21/25,2/24/25,IGA #449,Groceries,Sale,-12.38,
2/21/25,2/23/25,WALMART #846,Groceries,Sale,-203.04,
2/21/25,2/23/25,IGA #449,Groceries,Sale,-203.35,
2/21/25,2/23/25,IGA #332,Groceries,Sale,-10.23,
2/21/25,2/24/25,WALMART #175,Groceries,Sale,-290.79,
2/21/25,2/23/25,IGA #332,Groceries,Sale,-191.13,
2/21/25,2/24/25,KROGER #639,Groceries,Sale,-100.86,
2/21/25,2/22/25,IGA #168,Groceries,Sale,-10.23,
2/21/25,2/24/25,KROGER #769,Groceries,Sale,-10.23,
2/21/25,2/22/25,WALMART #452,Groceries,Sale,-10.23,
2/21/25,2/22/25,KROGER #545,Groceries,Sale,-10.23,
2/21/25,2/24/25,IGA #449,Groceries,Sale,-10.23,
2/21/25,2/22/25,IGA #332,Groceries,Sale,-10.23,
2/21/25,2/24/25,IGA #560,Groceries,Sale,-10.23,
2/21/25,2/24/25,WALMART #175,Groceries,Sale,-10.23,
2/23/25,2/23/25,IGA #560,Groceries,Sale,-31.84,
2/23/25,2/23/25,IGA #476,Groceries,Sale,-30.56,
2/23/25,2/23/25,ONLINE PAYMENT - THANK YOU,Travel,Payment,343.43,
2/23/25,2/24/25,WALMART #175,Groceries,Sale,-124.78,
2/23/25,2/24/25,KROGER #317,Groceries,Sale,-100.86,
2/23/25,2/25/25,IGA #560,Groceries,Sale,-290.07,
2/23/25,2/24/25,IGA #476,Groceries,Sale,-270.83,
2/23/25,2/25/25,IGA #449,Groceries,Sale,-10.87,
2/23/25,2/25/25,KROGER #545,Groceries,Sale,-14.93,
2/23/25,2/24/25,IGA #476,Groceries,Sale,-11.08,
2/23/25,2/24/25,KROGER #769,Groceries,Sale,-33.45,
2/23/25,2/23/25,IGA #560,Groceries,Sale,-10.23,
2/23/25,2/25/25,KROGER #317,Groceries,Sale,-10.23,
2/23/25,2/24/25,WALMART #452,Groceries,Sale,-10.23,
2/23/25,2/24/25,KROGER #545,Groceries,Sale,-10.23,
2/23/25,2/25/25,WALMART #175,Groceries,Sale,-10.23,
2/23/25,2/25/25,IGA #168,Groceries,Sale,-10.23,
2/25/25,2/25/25,KROGER #639,Groceries,Sale,-21.84,
2/25/25,2/25/25,ONLINE PAYMENT - THANK YOU,Education,Payment,343.43,
2/25/25,2/25/25,BP 5012,Gas,Sale,-78.93,
2/25/25,2/28/25,WALMART #846,Groceries,Sale,-14.93,
2/25/25,2/27/25,FEES & ADJUSTMENTS SVC 614,Fees & Adjustments,Adjustment,186.29,
2/25/25,2/25/25,ONLINE PAYMENT - THANK YOU,Food & Drink,Payment,714.28,
2/25/25,2/27/25,IGA #476,Groceries,Sale,-12.38,
2/25/25,2/27/25,KROGER #545,Groceries,Sale,-100.86,
2/25/25,2/28/25,IGA #560,Groceries,Sale,-14.93,
2/25/25,2/26/25,IGA #449,Groceries,Sale,-156.41,
2/25/25,2/25/25,IGA #332,Groceries,Sale,-16.48,
2/25/25,2/26/25,IGA #332,Groceries,Sale,-125.13,
2/25/25,2/28/25,IGA #332,Groceries,Sale,-151.78,
2/25/25,2/26/25,KROGER #769,Groceries,Sale,-10.23,
2/25/25,2/25/25,WALMART #452,Groceries,Sale,-10.23,
2/25/25,2/26/25,IGA #476,Groceries,Sale,-10.23,
2/25/25,2/27/25,IGA #560,Groceries,Sale,-11.08,
2/25/25,2/28/25,KROGER #317,Groceries,Sale,-10.23,
2/25/25,2/28/25,WALMART #175,Groceries,Sale,-10.23,
2/25/25,2/26/25,IGA #168,Groceries,Sale,-10.23,
2/25/25,2/27/25,IGA #332,Groceries,Sale,-10.23,
2/25/25,2/27/25,KROGER #769,Groceries,Sale,-10.23,
2/26/25,2/28/25,DUNKIN 9214,Food & Drink,Sale,-11.39,
2/26/25,02/29/25,STARBUCKS 7449,Food & Drink,Sale,-14.24,
2/26/25,2/27/25,HOME SVC 151,Home,Sale,-279.4,
2/26/25,2/27/25,GAS SVC 731,Gas,Sale,-56.34,
2/26/25,2/26/25,IGA #332,Groceries,Sale,-100.86,
2/26/25,2/28/25,WALMART #175,Groceries,Sale,-100.86,
2/26/25,02/29/25,KROGER #639,Groceries,Sale,-11.08,
2/26/25,2/26/25,KROGER #317,Groceries,Sale,-11.08,
2/26/25,02/29/25,WALMART #452,Groceries,Sale,-10.87,
2/26/25,2/27/25,KROGER #769,Groceries,Sale,-100.29,
2/26/25,02/29/25,IGA #476,Groceries,Sale,-31.63,
2/26/25,2/26/25,WALMART #175,Groceries,Sale,-10.23,
2/26/25,2/27/25,KROGER #545,Groceries,Sale,-10.23,
2/26/25,2/27/25,IGA #168,Groceries,Sale,-10.23,
2/26/25,02/29/25,IGA #332,Groceries,Sale,-10.23,
2/26/25,02/29/25,KROGER #545,Groceries,Sale,-10.23,
2/26/25,2/27/25,KROGER #317,Groceries,Sale,-10.23,
2/26/25,2/26/25,IGA #449,Groceries,Sale,-10.23,
2/26/25,2/28/25,IGA #449,Groceries,Sale,-10.23,
2/27/25,2/27/25,HOME SVC 16,Home,Sale,-218.42,
2/27/25,02/29/25,KROGER #639,Groceries,Sale,-191.13,
2/27/25,3/1/25,IGA #168,Groceries,Sale,-16.73,
2/27/25,3/2/25,KROGER #545,Groceries,Sale,-125.13,
2/27/25,3/1/25,KROGER #769,Groceries,Sale,-191.13,
2/27/25,2/27/25,IGA #332,Groceries,Sale,-10.23,
2/27/25,02/29/25,KROGER #769,Groceries,Sale,-10.87,
2/27/25,2/28/25,IGA #449,Groceries,Sale,-16.48,
2/27/25,2/27/25,KROGER #317,Groceries,Sale,-217.91,
2/27/25,3/2/25,IGA #560,Groceries,Sale,-114.2,
2/27/25,2/27/25,IGA #449,Groceries,Sale,-11.08,
2/27/25,02/29/25,IGA #168,Groceries,Sale,-10.87,
2/27/25,02/29/25,KROGER #317,Groceries,Sale,-10.23,
2/27/25,2/28/25,KROGER #639,Groceries,Sale,-10.23,
2/27/25,3/1/25,IGA #476,Groceries,Sale,-10.23,
2/27/25,2/28/25,IGA #332,Groceries,Sale,-10.23,
2/27/25,3/2/25,KROGER #545,Groceries,Sale,-10.23,
2/27/25,3/1/25,KROGER #317,Groceries,Sale,-10.23,
2/28/25,3/1/25,GROCERIES SVC 583,Groceries,Sale,-156.41,
2/28/25,3/1/25,WALMART #175,Groceries,Sale,-31.63,
2/28/25,3/3/25,SUNOCO 8243,Gas,Sale,-78.93,
3/1/25,3/4/25,WALMART #846,Groceries,Sale,-8.86,
3/1/25,3/3/25,WALMART #175,Groceries,Sale,-117.84,
3/1/25,3/2/25,IGA #332,Groceries,Sale,-14.93,
3/1/25,3/2/25,IGA #560,Groceries,Sale,-151.78,
3/1/25,3/2/25,IGA #168,Groceries,Sale,-203.04,
3/1/25,3/4/25,KROGER #545,Groceries,Sale,-234.33,
3/1/25,3/1/25,KROGER #545,Groceries,Sale,-10.87,
3/1/25,3/3/25,IGA #449,Groceries,Sale,-100.86,
3/1/25,3/4/25,KROGER #769,Groceries,Sale,-290.07,
3/1/25,3/3/25,WALMART #452,Groceries,Sale,-10.87,
3/1/25,3/4/25,IGA #168,Groceries,Sale,-10.23,
3/1/25,3/2/25,KROGER #317,Groceries,Sale,-114.2,
3/1/25,3/4/25,KROGER #317,Groceries,Sale,-16.48,
3/1/25,3/3/25,KROGER #545,Groceries,Sale,-10.23,
3/1/25,3/2/25,IGA #332,Groceries,Sale,-10.23,
3/1/25,3/2/25,WALMART #175,Groceries,Sale,-10.23,
3/1/25,3/3/25,IGA #476,Groceries,Sale,-10.23,
3/1/25,3/3/25,KROGER #769,Groceries,Sale,-10.23,
3/1/25,3/2/25,IGA #168,Groceries,Sale,-10.23,
3/1/25,3/4/25,KROGER #639,Groceries,Sale,-10.23,
3/1/25,3/1/25,KROGER #545,Groceries,Sale,-10.23,
3/1/25,3/1/25,IGA #332,Groceries,Sale,-10.23,
3/3/25,3/5/25,KROGER #545,Groceries,Sale,-290.07,
3/3/25,3/5/25,WALMART #452,Groceries,Sale,-151.78,
3/3/25,3/3/25,ONLINE PAYMENT - THANK YOU,Shopping,Payment,282.68,
3/3/25,3/6/25,IGA #168,Groceries,Sale,-167.31,
3/3/25,3/5/25,IGA #332,Groceries,Sale,-160.05,
3/3/25,3/3/25,WALMART #175,Groceries,Sale,-100.29,
3/3/25,3/6/25,KROGER #769,Groceries,Sale,-151.78,
3/3/25,3/5/25,WALMART #846,Groceries,Sale,-10.23,
3/3/25,3/3/25,KROGER #317,Groceries,Sale,-10.23,
3/3/25,3/5/25,WALMART #452,Groceries,Sale,-10.23,
3/3/25,3/6/25,KROGER #317,Groceries,Sale,-10.23,
3/3/25,3/5/25,IGA #476,Groceries,Sale,-10.23,
3/4/25,3/4/25,KROGER #769,Groceries,Sale,-123.01,
3/4/25,3/6/25,WALMART #846,Groceries,Sale,-14.93,
3/4/25,3/7/25,IGA #476,Groceries,Sale,-22.08,
3/4/25,3/5/25,KROGER #545,Groceries,Sale,-31.84,
3/4/25,3/6/25,KROGER #545,Groceries,Sale,-10.23,
3/4/25,3/6/25,IGA #449,Groceries,Sale,-10.23,
3/4/25,3/6/25,IGA #449,Groceries,Sale,-11.08,
3/4/25,3/4/25,IGA #476,Groceries,Sale,-203.04,
3/4/25,3/6/25,IGA #560,Groceries,Sale,-100.29,
3/4/25,3/5/25,IGA #332,Groceries,Sale,-234.33,
3/4/25,3/5/25,IGA #332,Groceries,Sale,-11.08,
3/4/25,3/4/25,KROGER #639,Groceries,Sale,-203.35,
3/4/25,3/5/25,KROGER #639,Groceries,Sale,-10.23,
3/4/25,3/7/25,KROGER #639,Groceries,Sale,-10.23,
3/4/25,3/4/25,WALMART #846,Groceries,Sale,-10.23,
3/4/25,3/7/25,KROGER #545,Groceries,Sale,-10.23,
3/4/25,3/7/25,IGA #476,Groceries,Sale,-10.23,
3/4/25,3/7/25,IGA #168,Groceries,Sale,-10.23,
3/4/25,3/5/25,IGA #560,Groceries,Sale,-10.23,
3/5/25,3/7/25,DUNKIN 5199,Food & Drink,Sale,-17.16,
3/5/25,3/8/25,STARBUCKS 7449,Food & Drink,Sale,-2.36,
3/5/25,3/6/25,ONLINE PAYMENT - THANK YOU,Automotive,Payment,2263.29,
3/5/25,3/6/25,ONLINE PAYMENT - THANK YOU,Fees & Adjustments,Payment,282.68,
3/5/25,3/6/25,IGA #332,Groceries,Sale,-270.83,
3/5/25,3/8/25,IGA #476,Groceries,Sale,-290.79,
3/5/25,3/5/25,ONLINE PAYMENT - THANK YOU,Personal,Payment,282.68,
3/5/25,3/6/25,KROGER #769,Groceries,Sale,-31.25,
3/5/25,3/5/25,IGA #168,Groceries,Sale,-290.07,
3/5/25,3/6/25,KROGER #317,Groceries,Sale,-33.45,
3/5/25,3/8/25,KROGER #639,Groceries,Sale,-16.48,
3/5/25,3/6/25,KROGER #317,Groceries,Sale,-100.29,
3/5/25,3/8/25,WALMART #452,Groceries,Sale,-100.86,
3/5/25,3/7/25,WALMART #175,Groceries,Sale,-234.33,
3/5/25,3/7/25,KROGER #769,Groceries,Sale,-11.08,
3/5/25,3/7/25,KROGER #317,Groceries,Sale,-10.23,
3/5/25,3/6/25,IGA #560,Groceries,Sale,-10.23,
3/5/25,3/8/25,IGA #332,Groceries,Sale,-10.23,
3/5/25,3/7/25,IGA #449,Groceries,Sale,-10.23,
3/5/25,3/7/25,KROGER #545,Groceries,Sale,-10.23,
3/5/25,3/6/25,KROGER #639,Groceries,Sale,-10.23,
3/8/25,3/9/25,SHOPPING SVC 30,Shopping,Sale,-32.89,
3/8/25,3/11/25,AMAZON MKTPL*6G7I9V0K,Shopping,Sale,-132.06,
3/8/25,3/10/25,KROGER #769,Groceries,Sale,-10.23,
3/8/25,3/9/25,IGA #332,Groceries,Sale,-10.87,
3/8/25,3/10/25,IGA #168,Groceries,Sale,-193.31,
3/8/25,3/11/25,KROGER #317,Groceries,Sale,-10.87,
3/8/25,3/11/25,KROGER #545,Groceries,Sale,-31.63,
3/8/25,3/9/25,KROGER #639,Groceries,Sale,-193.31,
3/8/25,3/11/25,IGA #332,Groceries,Sale,-100.86,
3/8/25,3/9/25,KROGER #545,Groceries,Sale,-10.23,
3/8/25,3/8/25,KROGER #317,Groceries,Sale,-10.23,
3/8/25,3/10/25,IGA #449,Groceries,Sale,-10.23,
3/8/25,3/10/25,IGA #332,Groceries,Sale,-10.23,
3/8/25,3/10/25,KROGER #639,Groceries,Sale,-10.23,
3/9/25,3/11/25,AMAZON MKTPL*6G7I9V0K,Shopping,Sale,-157.06,
3/9/25,3/11/25,BP 8153,Gas,Sale,-77.08,
3/9/25,3/12/25,RETURN - TARGET,Shopping,Return,241.22,
3/9/25,3/11/25,ONLINE PAYMENT - THANK YOU,Professional Services,Payment,499.07,
3/9/25,3/11/25,KROGER #639,Groceries,Sale,-10.23,
3/9/25,3/12/25,KROGER #317,Groceries,Sale,-156.41,
3/9/25,3/11/25,KROGER #545,Groceries,Sale,-167.31,
3/9/25,3/10/25,IGA #449,Groceries,Sale,-33.45,
3/9/25,3/11/25,KROGER #317,Groceries,Sale,-151.78,
3/9/25,3/9/25,WALMART #846,Groceries,Sale,-114.2,
3/9/25,3/11/25,KROGER #317,Groceries,Sale,-11.08,
3/9/25,3/12/25,IGA #476,Groceries,Sale,-10.87,
3/9/25,3/12/25,WALMART #175,Groceries,Sale,-11.08,
3/9/25,3/11/25,KROGER #769,Groceries,Sale,-10.23,
3/9/25,3/10/25,IGA #560,Groceries,Sale,-10.23,
3/9/25,3/9/25,KROGER #545,Groceries,Sale,-10.23,
3/9/25,3/9/25,IGA #168,Groceries,Sale,-10.23,
3/9/25,3/9/25,IGA #476,Groceries,Sale,-10.23,
3/10/25,3/11/25,WALMART #452,Groceries,Sale,-11.08,
3/10/25,3/10/25,KROGER #639,Groceries,Sale,-203.4,
3/10/25,3/10/25,ONLINE PAYMENT - THANK YOU,Shopping,Payment,1451.98,
3/10/25,3/12/25,BILLS & UTILITIES SVC 770,Bills & Utilities,Sale,-104.97,
3/10/25,3/10/25,ONLINE PAYMENT - THANK YOU,Travel,Payment,282.68,
3/10/25,3/12/25,IGA #476,Groceries,Sale,-290.79,
3/10/25,3/11/25,ONLINE PAYMENT - THANK YOU,Health & Wellness,Payment,282.68,
3/10/25,3/12/25,WALMART #452,Groceries,Sale,-124.78,
3/10/25,3/12/25,WALMART #175,Groceries,Sale,-290.07,
3/10/25,3/12/25,KROGER #769,Groceries,Sale,-203.35,
3/10/25,3/11/25,WALMART #175,Groceries,Sale,-30.56,
3/10/25,3/13/25,IGA #449,Groceries,Sale,-10.87,
3/10/25,3/12/25,IGA #168,Groceries,Sale,-10.87,
3/10/25,3/13/25,KROGER #317,Groceries,Sale,-290.79,
3/10/25,3/11/25,IGA #332,Groceries,Sale,-12.38,
3/10/25,3/11/25,IGA #560,Groceries,Sale,-114.2,
3/10/25,3/11/25,WALMART #846,Groceries,Sale,-156.41,
3/10/25,3/12/25,KROGER #545,Groceries,Sale,-290.79,
3/10/25,3/12/25,IGA #560,Groceries,Sale,-10.87,
3/10/25,3/11/25,KROGER #639,Groceries,Sale,-10.23,
3/10/25,3/13/25,IGA #332,Groceries,Sale,-10.23,
3/10/25,3/12/25,WALMART #452,Groceries,Sale,-10.23,
3/10/25,3/11/25,IGA #168,Groceries,Sale,-10.23,
3/10/25,3/13/25,WALMART #175,Groceries,Sale,-10.23,
3/10/25,3/11/25,KROGER #317,Groceries,Sale,-10.23,
3/10/25,3/11/25,IGA #449,Groceries,Sale,-10.23,
3/11/25,3/11/25,HOME SVC 151,Home,Sale,-345.54,
3/11/25,3/14/25,WALMART #175,Groceries,Sale,-31.84,
3/11/25,3/13/25,DUNKIN 5199,Food & Drink,Sale,-3.39,
3/11/25,3/12/25,WALMART #175,Groceries,Sale,-117.84,
3/11/25,3/13/25,KROGER #769,Groceries,Sale,-5.06,
3/11/25,3/13/25,KROGER #317,Groceries,Sale,-167.31,
3/11/25,3/12/25,KROGER #317,Groceries,Sale,-167.31,
3/11/25,3/13/25,GROCERIES SVC 583,Groceries,Sale,-11.08,
3/11/25,3/11/25,IGA #476,Groceries,Sale,-16.73,
3/11/25,3/12/25,IGA #449,Groceries,Sale,-203.04,
3/11/25,3/13/25,IGA #168,Groceries,Sale,-12.38,
3/11/25,3/12/25,IGA #476,Groceries,Sale,-31.25,
3/11/25,3/13/25,WALMART #846,Groceries,Sale,-100.86,
3/11/25,3/13/25,WALMART #452,Groceries,Sale,-10.23,
3/11/25,3/13/25,KROGER #639,Groceries,Sale,-10.23,
3/11/25,3/14/25,IGA #476,Groceries,Sale,-10.23,
3/11/25,3/12/25,KROGER #545,Groceries,Sale,-10.23,
3/11/25,3/11/25,IGA #560,Groceries,Sale,-10.23,
3/11/25,3/12/25,KROGER #769,Groceries,Sale,-10.23,
3/11/25,3/12/25,KROGER #639,Groceries,Sale,-10.23,
3/11/25,3/14/25,KROGER #317,Groceries,Sale,-10.23,
3/13/25,3/15/25,IGA #168,Groceries,Sale,-100.29,
3/17/25,3/19/25,IGA #449,Groceries,Sale,-124.78,
3/17/25,3/17/25,WALMART #175,Groceries,Sale,-22.08,
3/17/25,3/18/25,KROGER #317,Groceries,Sale,-203.35,
3/17/25,3/19/25,GROCERIES SVC 345,Groceries,Sale,-31.84,
3/17/25,3/17/25,ONLINE PAYMENT - THANK YOU,Gifts & Donations,Payment,2263.29,
3/17/25,3/19/25,KROGER #545,Groceries,Sale,-160.05,
3/17/25,3/17/25,KROGER #639,Groceries,Sale,-203.04,
3/17/25,3/19/25,IGA #476,Groceries,Sale,-11.08,
3/17/25,3/19/25,IGA #560,Groceries,Sale,-160.05,
3/17/25,3/17/25,FEES & ADJUSTMENTS SVC 614,Fees & Adjustments,Adjustment,382.72,
3/17/25,3/19/25,KROGER #545,Groceries,Sale,-125.13,
3/17/25,3/17/25,WALMART #846,Groceries,Sale,-245.87,
3/17/25,3/20/25,WALMART #846,Groceries,Sale,-10.87,
3/17/25,3/18/25,IGA #449,Groceries,Sale,-193.31,
3/17/25,3/20/25,IGA #476,Groceries,Sale,-7.37,
3/17/25,3/17/25,KROGER #317,Groceries,Sale,-10.87,
3/17/25,3/19/25,IGA #476,Groceries,Sale,-16.73,
3/17/25,3/20/25,KROGER #545,Groceries,Sale,-10.23,
3/17/25,3/19/25,WALMART #452,Groceries,Sale,-10.23,
3/17/25,3/17/25,IGA #332,Groceries,Sale,-10.23,
3/17/25,3/18/25,IGA #332,Groceries,Sale,-10.23,
3/17/25,3/18/25,KROGER #639,Groceries,Sale,-10.23,
3/17/25,3/18/25,WALMART #846,Groceries,Sale,-10.23,
3/20/25,3/23/25,HOME SVC 771,Home,Sale,-18.27,
3/20/25,3/23/25,KROGER #639,Groceries,Sale,-245.87,
3/20/25,3/23/25,GROCERIES SVC 583,Groceries,Sale,-125.13,
3/20/25,3/23/25,KROGER #769,Groceries,Sale,-100.86,
3/20/25,3/21/25,IGA #332,Groceries,Sale,-10.87,
3/20/25,3/23/25,IGA #449,Groceries,Sale,-124.78,
3/20/25,3/21/25,IGA #476,Groceries,Sale,-290.79,
3/20/25,3/22/25,IGA #560,Groceries,Sale,-156.41,
3/20/25,3/21/25,KROGER #545,Groceries,Sale,-156.41,
3/20/25,3/23/25,WALMART #175,Groceries,Sale,-16.73,
3/20/25,3/23/25,KROGER #639,Groceries,Sale,-167.31,
3/20/25,3/20/25,KROGER #317,Groceries,Sale,-10.23,
3/20/25,3/21/25,KROGER #769,Groceries,Sale,-10.23,
3/20/25,3/22/25,KROGER #545,Groceries,Sale,-10.23,
3/20/25,3/23/25,IGA #168,Groceries,Sale,-10.23,
3/20/25,3/20/25,IGA #476,Groceries,Sale,-10.23,
3/20/25,3/22/25,IGA #449,Groceries,Sale,-10.23,
3/20/25,3/23/25,KROGER #317,Groceries,Sale,-10.23,
3/20/25,3/23/25,IGA #332,Groceries,Sale,-10.23,
3/22/25,3/25/25,BP 5328,Gas,Sale,-47.92,
3/22/25,3/24/25,WALMART #452,Groceries,Sale,-165.73,
3/22/25,3/24/25,KROGER #545,Groceries,Sale,-133.09,
3/22/25,3/23/25,IGA #560,Groceries,Sale,-11.08,
3/22/25,3/24/25,IGA #168,Groceries,Sale,-290.79,
3/22/25,3/23/25,WALMART #846,Groceries,Sale,-11.08,
3/22/25,3/22/25,WALMART #175,Groceries,Sale,-203.04,
3/22/25,3/23/25,IGA #449,Groceries,Sale,-10.23,
3/22/25,3/24/25,KROGER #317,Groceries,Sale,-10.23,
3/22/25,3/24/25,IGA #449,Groceries,Sale,-31.25,
3/22/25,3/24/25,IGA #560,Groceries,Sale,-10.23,
3/22/25,3/23/25,KROGER #639,Groceries,Sale,-10.23,
3/22/25,3/23/25,IGA #168,Groceries,Sale,-10.23,
3/22/25,3/23/25,IGA #332,Groceries,Sale,-10.23,
3/22/25,3/23/25,KROGER #769,Groceries,Sale,-10.23,
3/22/25,3/24/25,WALMART #846,Groceries,Sale,-10.23,
3/23/25,3/25/25,IGA #332,Groceries,Sale,-203.04,
3/23/25,3/24/25,IGA #476,Groceries,Sale,-10.82,
3/25/25,3/26/25,GAS SVC 731,Gas,Sale,-59.83,
3/25/25,3/25/25,STARBUCKS 7449,Food & Drink,Sale,-6.55,
3/25/25,3/26/25,ONLINE PAYMENT - THANK YOU,Automotive,Payment,282.68,
3/25/25,3/26/25,ONLINE PAYMENT - THANK YOU,Travel,Payment,714.28,
3/25/25,3/27/25,IGA #449,Groceries,Sale,-10.23,
3/25/25,3/26/25,KROGER #545,Groceries,Sale,-14.93,
3/25/25,3/25/25,ONLINE PAYMENT - THANK YOU,Health & Wellness,Payment,714.28,
3/25/25,3/26/25,IGA #476,Groceries,Sale,-124.78,
3/25/25,3/27/25,KROGER #639,Groceries,Sale,-100.86,
3/25/25,3/27/25,WALMART #175,Groceries,Sale,-31.63,
3/25/25,3/27/25,IGA #168,Groceries,Sale,-114.2,
3/25/25,3/25/25,IGA #168,Groceries,Sale,-10.23,
3/25/25,3/25/25,WALMART #846,Groceries,Sale,-10.23,
3/25/25,3/25/25,IGA #449,Groceries,Sale,-10.23,
3/25/25,3/26/25,KROGER #639,Groceries,Sale,-10.23,
3/25/25,3/27/25,KROGER #317,Groceries,Sale,-10.23,
3/25/25,3/27/25,IGA #560,Groceries,Sale,-10.23,
3/25/25,3/27/25,IGA #332,Groceries,Sale,-10.23,
3/25/25,3/28/25,KROGER #769,Groceries,Sale,-10.23,
3/26/25,3/28/25,HOME SVC 48,Home,Sale,-421.24,
3/26/25,3/27/25,IGA #560,Groceries,Sale,-203.35,
3/26/25,3/28/25,KROGER #317,Groceries,Sale,-16.73,
3/26/25,3/29/25,WALMART #452,Groceries,Sale,-203.35,
3/26/25,3/28/25,IGA #332,Groceries,Sale,-151.78,
3/26/25,3/28/25,KROGER #545,Groceries,Sale,-191.13,
3/26/25,3/28/25,IGA #168,Groceries,Sale,-160.05,
3/26/25,3/27/25,KROGER #317,Groceries,Sale,-11.08,
3/26/25,3/29/25,WALMART #452,Groceries,Sale,-11.08,
3/26/25,3/27/25,IGA #476,Groceries,Sale,-10.23,
3/26/25,3/29/25,KROGER #769,Groceries,Sale,-10.23,
3/26/25,3/29/25,KROGER #639,Groceries,Sale,-10.23,
3/26/25,3/28/25,IGA #449,Groceries,Sale,-10.23,
3/27/25,3/29/25,TRAVEL SVC 259,Travel,Sale,-18.86,
3/27/25,3/29/25,KROGER #317,Groceries,Sale,-5.06,
3/27/25,3/27/25,ONLINE PAYMENT - THANK YOU,Education,Payment,714.28,
3/27/25,3/27/25,ONLINE PAYMENT - THANK YOU,Food & Drink,Payment,1451.98,
3/27/25,3/30/25,IGA #449,Groceries,Sale,-14.93,
3/27/25,3/30/25,IGA #168,Groceries,Sale,-264.44,
3/27/25,3/29/25,KROGER #317,Groceries,Sale,-290.07,
3/27/25,3/27/25,KROGER #769,Groceries,Sale,-14.93,
3/27/25,3/29/25,WALMART #452,Groceries,Sale,-10.87,
3/27/25,3/30/25,WALMART #175,Groceries,Sale,-11.08,
3/28/25,3/30/25,AUTOMOTIVE SVC 849,Automotive,Sale,-206.13,
3/28/25,3/30/25,KROGER #769,Groceries,Sale,-26.86,
3/28/25,3/30/25,KROGER #317,Groceries,Sale,-264.44,
3/28/25,3/30/25,IGA #449,Groceries,Sale,-203.35,
3/28/25,3/28/25,WALMART #175,Groceries,Sale,-191.13,
3/28/25,3/29/25,KROGER #545,Groceries,Sale,-10.23,
3/28/25,3/30/25,WALMART #846,Groceries,Sale,-10.23,
3/28/25,3/30/25,KROGER #317,Groceries,Sale,-10.23,
3/28/25,3/28/25,IGA #332,Groceries,Sale,-10.23,
3/29/25,3/31/25,G&D SVC 773,Gifts & Donations,Sale,-175.76,
3/29/25,3/31/25,WALMART #452,Groceries,Sale,-7.37,
3/29/25,3/29/25,ONLINE PAYMENT - THANK YOU,Home,Payment,282.68,
3/29/25,3/30/25,ONLINE PAYMENT - THANK YOU,Education,Payment,282.68,
3/29/25,3/30/25,KROGER #639,Groceries,Sale,-124.78,
3/29/25,3/30/25,KROGER #317,Groceries,Sale,-234.33,
3/29/25,3/30/25,IGA #476,Groceries,Sale,-33.45,
3/29/25,3/31/25,IGA #449,Groceries,Sale,-245.87,
3/29/25,3/29/25,WALMART #846,Groceries,Sale,-117.84,
3/29/25,3/30/25,WALMART #452,Groceries,Sale,-10.23,
3/29/25,3/30/25,KROGER #769,Groceries,Sale,-10.23,
3/29/25,3/29/25,IGA #476,Groceries,Sale,-10.23,
3/29/25,3/31/25,KROGER #545,Groceries,Sale,-10.23,
3/29/25,3/29/25,KROGER #545,Groceries,Sale,-10.23,
3/29/25,3/30/25,IGA #560,Groceries,Sale,-10.23,
3/29/25,3/31/25,IGA #168,Groceries,Sale,-10.23,
3/29/25,3/31/25,KROGER #639,Groceries,Sale,-10.23,
4/1/25,4/4/25,KROGER #545,Groceries,Sale,-191.13,
4/1/25,4/3/25,DUNKIN 5199,Food & Drink,Sale,-21.91,
4/1/25,4/1/25,IGA #560,Groceries,Sale,-16.48,
4/1/25,4/4/25,IGA #476,Groceries,Sale,-125.13,
4/1/25,4/3/25,KROGER #317,Groceries,Sale,-270.83,
4/1/25,4/4/25,WALMART #175,Groceries,Sale,-10.23,
4/1/25,4/4/25,IGA #449,Groceries,Sale,-10.87,
4/1/25,4/3/25,KROGER #639,Groceries,Sale,-31.25,
4/1/25,4/4/25,IGA #332,Groceries,Sale,-16.73,
4/1/25,4/2/25,KROGER #769,Groceries,Sale,-234.33,
4/1/25,4/2/25,IGA #476,Groceries,Sale,-217.91,
4/1/25,4/4/25,KROGER #545,Groceries,Sale,-114.2,
4/1/25,4/2/25,IGA #168,Groceries,Sale,-203.35,
4/1/25,4/2/25,KROGER #545,Groceries,Sale,-10.87,
4/1/25,4/3/25,WALMART #452,Groceries,Sale,-10.23,
4/1/25,4/3/25,KROGER #769,Groceries,Sale,-10.23,
4/1/25,4/1/25,KROGER #545,Groceries,Sale,-10.23,
4/1/25,4/3/25,IGA #560,Groceries,Sale,-10.23,
4/1/25,4/2/25,IGA #449,Groceries,Sale,-10.23,
4/1/25,4/1/25,WALMART #846,Groceries,Sale,-10.23,
4/1/25,4/3/25,KROGER #317,Groceries,Sale,-10.23,
4/1/25,4/4/25,WALMART #175,Groceries,Sale,-10.23,
4/1/25,4/2/25,KROGER #317,Groceries,Sale,-10.23,
4/1/25,4/2/25,IGA #332,Groceries,Sale,-10.23,
4/3/25,4/5/25,HEALTH & WELLNESS SVC 370,Health & Wellness,Sale,-171.74,
4/3/25,4/3/25,FEES & ADJUSTMENTS SVC 202,Fees & Adjustments,Adjustment,186.29,
4/3/25,4/5/25,GROCERIES SVC 345,Groceries,Sale,-245.87,
4/3/25,4/3/25,KROGER #769,Groceries,Sale,-72.24,
4/3/25,4/5/25,IGA #332,Groceries,Sale,-72.24,
4/3/25,4/4/25,IGA #449,Groceries,Sale,-191.13,
4/3/25,4/6/25,KROGER #639,Groceries,Sale,-10.23,
4/3/25,4/6/25,KROGER #545,Groceries,Sale,-218.42,
4/3/25,4/6/25,IGA #560,Groceries,Sale,-218.42,
4/3/25,4/3/25,WALMART #846,Groceries,Sale,-290.79,
4/3/25,4/5/25,IGA #168,Groceries,Sale,-10.23,
4/3/25,4/5/25,IGA #449,Groceries,Sale,-10.23,
4/3/25,4/5/25,WALMART #175,Groceries,Sale,-10.23,
4/3/25,4/4/25,KROGER #317,Groceries,Sale,-10.23,
4/3/25,4/6/25,IGA #476,Groceries,Sale,-10.23,
4/3/25,4/4/25,IGA #560,Groceries,Sale,-10.23,
4/3/25,4/4/25,WALMART #452,Groceries,Sale,-10.23,
4/3/25,4/5/25,WALMART #846,Groceries,Sale,-10.23,
4/3/25,4/3/25,IGA #476,Groceries,Sale,-10.23,
4/3/25,4/5/25,KROGER #639,Groceries,Sale,-10.23,
4/3/25,4/3/25,IGA #168,Groceries,Sale,-10.23,
4/3/25,4/6/25,WALMART #175,Groceries,Sale,-10.23,
4/4/25,4/4/25,KROGER #317,Groceries,Sale,-123.51,
4/4/25,4/5/25,ONLINE PAYMENT - THANK YOU,Fees & Adjustments,Payment,3194.06,
4/4/25,4/5/25,KROGER #639,Groceries,Sale,-117.84,
4/4/25,4/6/25,IGA #476,Groceries,Sale,-290.07,
4/4/25,4/7/25,IGA #476,Groceries,Sale,-16.48,
4/4/25,4/7/25,IGA #449,Groceries,Sale,-16.48,
4/4/25,4/4/25,IGA #168,Groceries,Sale,-11.08,
4/4/25,4/6/25,WALMART #846,Groceries,Sale,-16.73,
4/4/25,4/6/25,KROGER #639,Groceries,Sale,-11.08,
4/4/25,4/4/25,IGA #560,Groceries,Sale,-10.23,
4/4/25,4/7/25,KROGER #769,Groceries,Sale,-10.23,
4/4/25,4/5/25,IGA #449,Groceries,Sale,-10.23,
4/4/25,4/5/25,WALMART #846,Groceries,Sale,-10.23,
4/4/25,4/6/25,IGA #168,Groceries,Sale,-10.23,
4/4/25,4/7/25,KROGER #317,Groceries,Sale,-10.23,
4/4/25,4/6/25,WALMART #452,Groceries,Sale,-10.23,
4/4/25,4/7/25,IGA #332,Groceries,Sale,-10.23,
4/4/25,4/5/25,KROGER #639,Groceries,Sale,-10.23,
4/4/25,4/6/25,IGA #476,Groceries,Sale,-10.23,
4/4/25,4/6/25,IGA #560,Groceries,Sale,-10.23,
4/4/25,4/7/25,WALMART #452,Groceries,Sale,-10.23,
4/4/25,4/5/25,IGA #332,Groceries,Sale,-10.23,
4/4/25,4/6/25,KROGER #545,Groceries,Sale,-10.23,
4/5/25,4/7/25,WALMART #175,Groceries,Sale,-14.93,
4/5/25,4/7/25,IGA #168,Groceries,Sale,-114.2,
4/5/25,4/7/25,KROGER #545,Groceries,Sale,-10.23,
4/5/25,4/6/25,ONLINE PAYMENT - THANK YOU,Food & Drink,Payment,282.68,
4/5/25,4/7/25,WALMART #846,Groceries,Sale,-11.08,
4/5/25,4/7/25,IGA #560,Groceries,Sale,-31.25,
4/5/25,4/6/25,KROGER #545,Groceries,Sale,-16.48,
4/5/25,4/6/25,IGA #332,Groceries,Sale,-11.08,
4/5/25,4/5/25,IGA #449,Groceries,Sale,-270.83,
4/5/25,4/5/25,WALMART #175,Groceries,Sale,-16.73,
4/5/25,4/6/25,IGA #332,Groceries,Sale,-12.38,
4/5/25,4/7/25,KROGER #769,Groceries,Sale,-203.35,
4/5/25,4/5/25,WALMART #452,Groceries,Sale,-100.29,
4/5/25,4/7/25,IGA #168,Groceries,Sale,-10.87,
4/5/25,4/8/25,KROGER #769,Groceries,Sale,-11.08,
4/5/25,4/7/25,KROGER #317,Groceries,Sale,-11.08,
4/5/25,4/7/25,KROGER #545,Groceries,Sale,-10.23,
4/5/25,4/7/25,WALMART #175,Groceries,Sale,-10.23,
4/5/25,4/7/25,IGA #332,Groceries,Sale,-10.23,
4/5/25,4/8/25,IGA #449,Groceries,Sale,-10.23,
4/5/25,4/8/25,KROGER #639,Groceries,Sale,-10.23,
4/5/25,4/6/25,KROGER #317,Groceries,Sale,-10.23,
4/6/25,4/6/25,RETURN - TARGET,Shopping,Return,393.38,
4/6/25,4/9/25,BP 5012,Gas,Sale,-15.75,
4/6/25,4/6/25,DUNKIN 9214,Food & Drink,Sale,-14.24,
4/6/25,4/6/25,KROGER #769,Groceries,Sale,-114.2,
4/6/25,4/6/25,IGA #449,Groceries,Sale,-31.25,
4/6/25,4/9/25,KROGER #317,Groceries,Sale,-290.79,
4/6/25,4/9/25,KROGER #769,Groceries,Sale,-218.42,
4/6/25,4/8/25,KROGER #769,Groceries,Sale,-117.84,
4/6/25,4/8/25,IGA #168,Groceries,Sale,-11.08,
4/6/25,4/7/25,KROGER #545,Groceries,Sale,-10.23,
4/6/25,4/8/25,KROGER #317,Groceries,Sale,-160.05,
4/6/25,4/9/25,WALMART #846,Groceries,Sale,-100.86,
4/6/25,4/7/25,IGA #560,Groceries,Sale,-100.86,
4/6/25,4/9/25,WALMART #175,Groceries,Sale,-10.87,
4/6/25,4/8/25,KROGER #317,Groceries,Sale,-10.23,
4/6/25,4/8/25,IGA #449,Groceries,Sale,-10.23,
4/6/25,4/7/25,IGA #332,Groceries,Sale,-10.23,
4/6/25,4/9/25,IGA #560,Groceries,Sale,-10.23,
4/6/25,4/8/25,KROGER #545,Groceries,Sale,-10.23,
4/6/25,4/9/25,KROGER #545,Groceries,Sale,-10.23,
4/6/25,4/7/25,WALMART #452,Groceries,Sale,-10.23,
4/6/25,4/9/25,KROGER #317,Groceries,Sale,-10.23,
4/6/25,4/7/25,KROGER #317,Groceries,Sale,-10.23,
4/8/25,4/10/25,STARBUCKS 7449,Food & Drink,Sale,-2.32,
4/8/25,4/11/25,NTB TIRE & SVC - SVC,Automotive,Sale,-47.93,
4/8/25,4/10/25,SUNOCO 1157,Gas,Sale,-35.19,
4/8/25,4/10/25,HOME SVC 48,Home,Sale,-203.24,
4/8/25,4/10/25,IGA #332,Groceries,Sale,-290.79,
4/8/25,4/9/25,IGA #560,Groceries,Sale,-290.07,
4/8/25,4/11/25,KROGER #317,Groceries,Sale,-100.86,
4/8/25,4/11/25,KROGER #545,Groceries,Sale,-11.08,
4/8/25,4/9/25,KROGER #769,Groceries,Sale,-290.07,
4/8/25,4/8/25,KROGER #639,Groceries,Sale,-10.23,
4/8/25,4/11/25,WALMART #452,Groceries,Sale,-16.73,
4/8/25,4/9/25,IGA #168,Groceries,Sale,-10.23,
4/8/25,4/11/25,KROGER #545,Groceries,Sale,-10.87,
4/8/25,4/10/25,WALMART #175,Groceries,Sale,-10.23,
4/8/25,4/10/25,KROGER #317,Groceries,Sale,-10.23,
4/8/25,4/10/25,IGA #332,Groceries,Sale,-10.23,
4/8/25,4/11/25,WALMART #846,Groceries,Sale,-10.23,
4/8/25,4/11/25,IGA #449,Groceries,Sale,-10.23,
4/8/25,4/10/25,IGA #168,Groceries,Sale,-10.23,
4/8/25,4/11/25,KROGER #639,Groceries,Sale,-10.23,
4/8/25,4/11/25,WALMART #175,Groceries,Sale,-10.23,
4/8/25,4/8/25,KROGER #545,Groceries,Sale,-10.23,
4/8/25,4/10/25,IGA #476,Groceries,Sale,-10.23,
4/8/25,4/11/25,KROGER #769,Groceries,Sale,-10.23,
4/8/25,4/9/25,WALMART #452,Groceries,Sale,-10.23,
4/8/25,4/9/25,KROGER #317,Groceries,Sale,-10.23,
4/8/25,4/11/25,IGA #560,Groceries,Sale,-10.23,
4/8/25,4/11/25,KROGER #545,Groceries,Sale,-10.23,
4/8/25,4/9/25,WALMART #175,Groceries,Sale,-10.23,
4/9/25,4/12/25,RETURN - HOME DEPOT,Shopping,Return,405.01,
4/9/25,4/11/25,STARBUCKS 7449,Food & Drink,Sale,-6.84,
4/9/25,4/12/25,SPEEDWAY 7291,Gas,Sale,-43.37,
4/9/25,4/11/25,IGA #332,Groceries,Sale,-22.08,
4/9/25,4/12/25,HEALTH & WELLNESS SVC 370,Health & Wellness,Sale,-112.38,
4/9/25,4/10/25,KROGER #639,Groceries,Sale,-218.42,
4/9/25,4/10/25,GAS SVC 731,Gas,Sale,-68.9,
4/9/25,4/12/25,WALMART #452,Groceries,Sale,-234.33,
4/9/25,4/9/25,ONLINE PAYMENT - THANK YOU,Personal,Payment,499.07,
4/9/25,4/11/25,WALMART #846,Groceries,Sale,-30.56,
4/9/25,4/10/25,WALMART #175,Groceries,Sale,-10.87,
4/9/25,4/11/25,IGA #449,Groceries,Sale,-290.07,
4/9/25,4/12/25,KROGER #545,Groceries,Sale,-156.41,
4/9/25,4/11/25,IGA #560,Groceries,Sale,-191.13,
4/9/25,4/12/25,KROGER #639,Groceries,Sale,-151.78,
4/9/25,4/10/25,IGA #476,Groceries,Sale,-100.86,
4/9/25,4/10/25,WALMART #452,Groceries,Sale,-11.08,
4/9/25,4/10/25,KROGER #317,Groceries,Sale,-10.23,
4/9/25,4/12/25,IGA #332,Groceries,Sale,-10.87,
4/9/25,4/11/25,WALMART #175,Groceries,Sale,-290.07,
4/9/25,4/11/25,IGA #168,Groceries,Sale,-31.25,
4/9/25,4/10/25,WALMART #175,Groceries,Sale,-10.23,
4/9/25,4/11/25,WALMART #452,Groceries,Sale,-10.23,
4/9/25,4/10/25,IGA #332,Groceries,Sale,-114.2,
4/9/25,4/12/25,KROGER #317,Groceries,Sale,-125.13,
4/9/25,4/12/25,IGA #560,Groceries,Sale,-11.08,
4/9/25,4/10/25,IGA #449,Groceries,Sale,-10.23,
4/9/25,4/10/25,KROGER #769,Groceries,Sale,-10.23,
4/9/25,4/11/25,KROGER #545,Groceries,Sale,-10.23,
4/9/25,4/12/25,IGA #168,Groceries,Sale,-10.23,
4/9/25,4/11/25,WALMART #846,Groceries,Sale,-10.23,
4/9/25,4/10/25,IGA #560,Groceries,Sale,-10.23,
4/9/25,4/12/25,WALMART #175,Groceries,Sale,-10.23,
4/9/25,4/10/25,KROGER #545,Groceries,Sale,-10.23,
4/9/25,4/9/25,KROGER #639,Groceries,Sale,-10.23,
4/9/25,4/12/25,KROGER #769,Groceries,Sale,-10.23,
4/9/25,4/9/25,IGA #476,Groceries,Sale,-10.23,
4/9/25,4/11/25,KROGER #317,Groceries,Sale,-10.23,
4/9/25,4/11/25,KROGER #545,Groceries,Sale,-10.23,
4/9/25,4/11/25,IGA #332,Groceries,Sale,-10.23,
4/9/25,4/11/25,KROGER #639,Groceries,Sale,-10.23,
4/9/25,4/10/25,WALMART #452,Groceries,Sale,-10.23,
4/9/25,4/9/25,WALMART #175,Groceries,Sale,-10.23,
4/10/25,4/13/25,SHEETZ 7894,Gas,Sale,-36.85,
4/10/25,4/13/25,WALMART #452,Groceries,Sale,-80.01,
4/10/25,4/13/25,DUBOIS COUNTY TIRE &amp; SUPP - SVC,Automotive,Sale,-202.94,
4/10/25,4/13/25,BP 5012,Gas,Sale,-21.8,
4/10/25,4/13/25,FEES & ADJUSTMENTS SVC 614,Fees & Adjustments,Fee,-24.16,
4/10/25,4/12/25,KROGER #769,Groceries,Sale,-71.42,
4/10/25,4/12/25,KROGER #769,Groceries,Sale,-264.44,
4/10/25,4/10/25,IGA #449,Groceries,Sale,-30.56,
4/10/25,4/12/25,WALMART #452,Groceries,Sale,-160.05,
4/10/25,4/12/25,BP 5328,Gas,Sale,-70.92,
4/10/25,4/13/25,IGA #332,Groceries,Sale,-124.78,
4/10/25,4/10/25,IGA #168,Groceries,Sale,-100.29,
4/10/25,4/13/25,KROGER #545,Groceries,Sale,-124.78,
4/10/25,4/10/25,IGA #168,Groceries,Sale,-290.79,
4/10/25,4/10/25,KROGER #545,Groceries,Sale,-193.31,
4/10/25,4/13/25,WALMART #175,Groceries,Sale,-245.87,
4/10/25,4/11/25,IGA #560,Groceries,Sale,-11.08,
4/10/25,4/12/25,IGA #560,Groceries,Sale,-10.87,
4/10/25,4/12/25,KROGER #317,Groceries,Sale,-203.35,
4/10/25,4/13/25,IGA #449,Groceries,Sale,-234.33,
4/10/25,4/13/25,WALMART #175,Groceries,Sale,-191.13,
4/10/25,4/10/25,WALMART #846,Groceries,Sale,-10.23,
4/10/25,4/10/25,IGA #476,Groceries,Sale,-10.23,
4/10/25,4/12/25,IGA #168,Groceries,Sale,-10.23,
4/10/25,4/11/25,KROGER #545,Groceries,Sale,-10.23,
4/10/25,4/11/25,WALMART #175,Groceries,Sale,-10.23,
4/10/25,4/13/25,IGA #560,Groceries,Sale,-10.23,
4/10/25,4/10/25,IGA #332,Groceries,Sale,-10.23,
4/10/25,4/10/25,IGA #449,Groceries,Sale,-10.23,
4/10/25,4/11/25,KROGER #317,Groceries,Sale,-10.23,
4/10/25,4/12/25,KROGER #769,Groceries,Sale,-10.23,
4/10/25,4/12/25,KROGER #639,Groceries,Sale,-10.23,
4/10/25,4/13/25,IGA #476,Groceries,Sale,-10.23,
4/10/25,4/11/25,IGA #168,Groceries,Sale,-10.23,
4/10/25,4/13/25,KROGER #769,Groceries,Sale,-10.23,
4/14/25,4/14/25,RETURN - EBAY,Shopping,Return,241.22,
4/14/25,4/16/25,KROGER #639,Groceries,Sale,-270.83,
4/14/25,4/17/25,IGA #168,Groceries,Sale,-16.48,
4/14/25,4/16/25,KROGER #639,Groceries,Sale,-290.07,
4/14/25,4/16/25,IGA #560,Groceries,Sale,-33.45,
4/14/25,4/15/25,IGA #560,Groceries,Sale,-117.84,
4/14/25,4/16/25,IGA #476,Groceries,Sale,-218.42,
4/14/25,4/17/25,KROGER #769,Groceries,Sale,-16.48,
4/14/25,4/16/25,WALMART #452,Groceries,Sale,-114.2,
4/14/25,4/16/25,WALMART #452,Groceries,Sale,-10.87,
4/14/25,4/14/25,WALMART #175,Groceries,Sale,-10.23,
4/14/25,4/16/25,IGA #332,Groceries,Sale,-10.23,
4/14/25,4/16/25,IGA #449,Groceries,Sale,-10.23,
4/14/25,4/14/25,WALMART #452,Groceries,Sale,-10.23,
4/14/25,4/15/25,IGA #476,Groceries,Sale,-10.23,
4/14/25,4/16/25,KROGER #545,Groceries,Sale,-10.23,
4/14/25,4/17/25,IGA #560,Groceries,Sale,-10.23,
4/14/25,4/15/25,KROGER #317,Groceries,Sale,-10.23,
4/14/25,4/16/25,KROGER #639,Groceries,Sale,-10.23,
4/14/25,4/17/25,WALMART #846,Groceries,Sale,-10.23,
4/14/25,4/14/25,KROGER #769,Groceries,Sale,-10.23,
4/14/25,4/17/25,IGA #476,Groceries,Sale,-10.23,
4/14/25,4/16/25,IGA #332,Groceries,Sale,-10.23,
4/15/25,4/17/25,KROGER #317,Groceries,Sale,-31.25,
4/15/25,4/18/25,IGA #449,Groceries,Sale,-125.13,
4/15/25,4/15/25,ONLINE PAYMENT - THANK YOU,Home,Payment,499.07,
4/15/25,4/16/25,WALMART #452,Groceries,Sale,-16.48,
4/15/25,4/15/25,IGA #168,Groceries,Sale,-100.86,
4/15/25,4/16/25,IGA #332,Groceries,Sale,-193.31,
4/15/25,4/16/25,KROGER #545,Groceries,Sale,-10.87,
4/15/25,4/17/25,KROGER #769,Groceries,Sale,-114.2,
4/15/25,4/17/25,KROGER #317,Groceries,Sale,-290.07,
4/15/25,4/15/25,IGA #332,Groceries,Sale,-11.08,
4/15/25,4/15/25,KROGER #545,Groceries,Sale,-117.84,
4/15/25,4/17/25,IGA #476,Groceries,Sale,-11.08,
4/15/25,4/18/25,IGA #560,Groceries,Sale,-10.23,
4/15/25,4/15/25,WALMART #846,Groceries,Sale,-10.87,
4/15/25,4/17/25,WALMART #846,Groceries,Sale,-10.23,
4/15/25,4/17/25,IGA #560,Groceries,Sale,-10.87,
4/15/25,4/15/25,KROGER #639,Groceries,Sale,-10.23,
4/15/25,4/18/25,WALMART #452,Groceries,Sale,-10.23,
4/15/25,4/17/25,KROGER #545,Groceries,Sale,-10.23,
4/15/25,4/17/25,WALMART #175,Groceries,Sale,-10.23,
4/15/25,4/16/25,IGA #449,Groceries,Sale,-10.23,
4/15/25,4/15/25,IGA #476,Groceries,Sale,-10.23,
4/16/25,4/17/25,GAS SVC 731,Gas,Sale,-68.9,
4/16/25,4/17/25,IGA #168,Groceries,Sale,-167.31,
4/16/25,4/17/25,SPEEDWAY 7291,Gas,Sale,-78.43,
4/16/25,4/17/25,WALMART #846,Groceries,Sale,-270.83,
4/16/25,4/17/25,WALMART #846,Groceries,Sale,-151.78,
4/16/25,4/18/25,IGA #449,Groceries,Sale,-14.93,
4/16/25,4/19/25,KROGER #769,Groceries,Sale,-10.87,
4/16/25,4/18/25,WALMART #846,Groceries,Sale,-203.35,
4/16/25,4/19/25,KROGER #545,Groceries,Sale,-10.23,
4/16/25,4/17/25,IGA #476,Groceries,Sale,-11.08,
4/16/25,4/19/25,IGA #560,Groceries,Sale,-151.78,
4/16/25,4/17/25,WALMART #452,Groceries,Sale,-10.23,
4/16/25,4/16/25,KROGER #317,Groceries,Sale,-10.23,
4/16/25,4/19/25,IGA #476,Groceries,Sale,-10.23,
4/16/25,4/17/25,IGA #449,Groceries,Sale,-10.23,
4/16/25,4/16/25,IGA #476,Groceries,Sale,-10.23,
4/16/25,4/16/25,WALMART #175,Groceries,Sale,-10.23,
4/16/25,4/17/25,KROGER #639,Groceries,Sale,-10.23,
4/16/25,4/18/25,IGA #332,Groceries,Sale,-10.23,
4/16/25,4/19/25,KROGER #317,Groceries,Sale,-10.23,
4/16/25,4/19/25,IGA #449,Groceries,Sale,-10.23,
4/17/25,4/19/25,IGA #560,Groceries,Sale,-133.92,
4/17/25,4/17/25,ONLINE PAYMENT - THANK YOU,Gifts & Donations,Payment,1451.98,
4/18/25,4/19/25,HOME SVC 16,Home,Sale,-404.91,
4/18/25,4/18/25,ONLINE PAYMENT - THANK YOU,Health & Wellness,Payment,499.07,
4/18/25,4/20/25,KROGER #769,Groceries,Sale,-143.91,
4/18/25,4/18/25,ONLINE PAYMENT - THANK YOU,Home,Payment,343.43,
4/18/25,4/21/25,IGA #476,Groceries,Sale,-193.31,
4/18/25,4/18/25,GROCERIES SVC 583,Groceries,Sale,-31.63,
4/18/25,4/20/25,IGA #476,Groceries,Sale,-16.73,
4/18/25,4/19/25,IGA #560,Groceries,Sale,-11.08,
4/18/25,4/21/25,IGA #449,Groceries,Sale,-203.04,
4/18/25,4/18/25,KROGER #769,Groceries,Sale,-10.23,
4/18/25,4/20/25,WALMART #452,Groceries,Sale,-218.42,
4/18/25,4/20/25,IGA #449,Groceries,Sale,-10.87,
4/18/25,4/18/25,KROGER #545,Groceries,Sale,-10.23,
4/18/25,4/20/25,KROGER #317,Groceries,Sale,-11.08,
4/18/25,4/21/25,IGA #168,Groceries,Sale,-151.78,
4/18/25,4/21/25,WALMART #846,Groceries,Sale,-10.87,
4/18/25,4/19/25,KROGER #639,Groceries,Sale,-11.08,
4/18/25,4/19/25,KROGER #317,Groceries,Sale,-10.23,
4/18/25,4/21/25,WALMART #452,Groceries,Sale,-10.23,
4/18/25,4/20/25,KROGER #769,Groceries,Sale,-10.23,
4/18/25,4/19/25,IGA #332,Groceries,Sale,-10.23,
4/18/25,4/20/25,WALMART #846,Groceries,Sale,-10.23,
4/19/25,4/22/25,RETURN - TARGET,Shopping,Return,211.2,
4/19/25,4/19/25,IGA #560,Groceries,Sale,-12.38,
4/19/25,4/22/25,KROGER #545,Groceries,Sale,-203.35,
4/19/25,4/20/25,KROGER #639,Groceries,Sale,-12.38,
4/19/25,4/21/25,KROGER #545,Groceries,Sale,-245.87,
4/19/25,4/20/25,WALMART #846,Groceries,Sale,-16.48,
4/19/25,4/21/25,IGA #168,Groceries,Sale,-14.93,
4/19/25,4/20/25,IGA #332,Groceries,Sale,-11.08,
4/19/25,4/20/25,KROGER #545,Groceries,Sale,-203.04,
4/19/25,4/20/25,IGA #560,Groceries,Sale,-11.08,
4/19/25,4/21/25,KROGER #769,Groceries,Sale,-14.93,
4/19/25,4/19/25,WALMART #452,Groceries,Sale,-10.87,
4/19/25,4/22/25,IGA #332,Groceries,Sale,-10.87,
4/19/25,4/20/25,KROGER #317,Groceries,Sale,-10.23,
4/19/25,4/22/25,WALMART #175,Groceries,Sale,-10.23,
4/19/25,4/21/25,KROGER #545,Groceries,Sale,-10.23,
4/19/25,4/20/25,KROGER #639,Groceries,Sale,-10.23,
4/19/25,4/21/25,WALMART #846,Groceries,Sale,-10.23,
4/19/25,4/20/25,IGA #449,Groceries,Sale,-10.23,
4/19/25,4/20/25,WALMART #175,Groceries,Sale,-10.23,
4/19/25,4/22/25,KROGER #317,Groceries,Sale,-10.23,
4/19/25,4/22/25,KROGER #769,Groceries,Sale,-10.23,
4/19/25,4/22/25,IGA #560,Groceries,Sale,-10.23,
4/19/25,4/20/25,IGA #476,Groceries,Sale,-10.23,
4/19/25,4/22/25,IGA #332,Groceries,Sale,-10.23,
4/20/25,4/21/25,TRAVEL SVC 434,Travel,Sale,-476.51,
4/20/25,4/22/25,KROGER #545,Groceries,Sale,-160.05,
4/20/25,4/21/25,NTB TIRE & SVC - SVC,Automotive,Sale,-23.75,
4/21/25,4/24/25,IGA #449,Groceries,Sale,-7.37,
4/21/25,4/21/25,ONLINE PAYMENT - THANK YOU,Travel,Payment,1093.08,
4/21/25,4/22/25,IGA #476,Groceries,Sale,-16.73,
4/21/25,4/21/25,WALMART #846,Groceries,Sale,-11.08,
4/21/25,4/22/25,KROGER #545,Groceries,Sale,-10.23,
4/21/25,4/22/25,IGA #560,Groceries,Sale,-10.23,
4/21/25,4/21/25,WALMART #452,Groceries,Sale,-10.23,
4/21/25,4/24/25,IGA #332,Groceries,Sale,-10.23,
4/21/25,4/24/25,KROGER #545,Groceries,Sale,-10.23,
4/21/25,4/21/25,IGA #449,Groceries,Sale,-10.23,
4/24/25,4/24/25,FOOD & DRINK SVC 852,Food & Drink,Sale,-11.05,
4/24/25,4/27/25,G&D SVC 147,Gifts & Donations,Sale,-479.29,
4/24/25,4/25/25,KROGER #639,Groceries,Sale,-11.08,
4/24/25,4/27/25,IGA #560,Groceries,Sale,-160.05,
4/24/25,4/24/25,ONLINE PAYMENT - THANK YOU,Education,Payment,1217.51,
4/24/25,4/24/25,IGA #560,Groceries,Sale,-203.35,
4/24/25,4/27/25,KROGER #639,Groceries,Sale,-290.79,
4/24/25,4/25/25,IGA #476,Groceries,Sale,-203.35,
4/24/25,4/27/25,IGA #449,Groceries,Sale,-160.05,
4/24/25,4/27/25,WALMART #846,Groceries,Sale,-167.31,
4/24/25,4/25/25,KROGER #545,Groceries,Sale,-100.29,
4/24/25,4/27/25,IGA #332,Groceries,Sale,-167.31,
4/24/25,4/25/25,IGA #168,Groceries,Sale,-117.84,
4/24/25,4/25/25,IGA #560,Groceries,Sale,-14.93,
4/24/25,4/25/25,KROGER #639,Groceries,Sale,-193.31,
4/24/25,4/26/25,IGA #449,Groceries,Sale,-11.08,
4/24/25,4/25/25,IGA #449,Groceries,Sale,-16.73,
4/24/25,4/24/25,KROGER #769,Groceries,Sale,-10.23,
4/24/25,4/26/25,WALMART #452,Groceries,Sale,-10.23,
4/24/25,4/24/25,WALMART #175,Groceries,Sale,-10.23,
4/24/25,4/26/25,IGA #168,Groceries,Sale,-10.23,
4/24/25,4/26/25,KROGER #639,Groceries,Sale,-10.23,
4/24/25,4/25/25,IGA #476,Groceries,Sale,-10.23,
4/24/25,4/27/25,IGA #449,Groceries,Sale,-10.23,
4/24/25,4/25/25,IGA #332,Groceries,Sale,-10.23,
4/24/25,4/26/25,KROGER #545,Groceries,Sale,-10.23,
4/24/25,4/26/25,IGA #476,Groceries,Sale,-10.23,
4/24/25,4/25/25,KROGER #769,Groceries,Sale,-10.23,
4/24/25,4/27/25,WALMART #175,Groceries,Sale,-10.23,
4/26/25,4/26/25,WALMART #846,Groceries,Sale,-10.87,
4/26/25,4/27/25,KROGER #545,Groceries,Sale,-14.93,
4/26/25,4/26/25,ONLINE PAYMENT - THANK YOU,Professional Services,Payment,282.68,
4/26/25,4/28/25,KROGER #769,Groceries,Sale,-167.31,
4/26/25,4/28/25,IGA #449,Groceries,Sale,-117.84,
4/26/25,4/28/25,KROGER #545,Groceries,Sale,-10.23,
4/26/25,4/29/25,KROGER #317,Groceries,Sale,-10.23,
4/26/25,4/27/25,IGA #560,Groceries,Sale,-10.23,
4/26/25,4/27/25,KROGER #769,Groceries,Sale,-10.23,
4/26/25,4/27/25,WALMART #452,Groceries,Sale,-10.23,
4/26/25,4/29/25,WALMART #846,Groceries,Sale,-10.23,
4/26/25,4/29/25,IGA #332,Groceries,Sale,-10.23,
4/28/25,4/28/25,FOOD & DRINK SVC 852,Food & Drink,Sale,-3.69,
4/28/25,4/30/25,SHEETZ 7894,Gas,Sale,-78.93,
4/28/25,4/30/25,KROGER #639,Groceries,Sale,-234.33,
4/28/25,4/29/25,KROGER #545,Groceries,Sale,-11.08,
4/28/25,4/28/25,IGA #560,Groceries,Sale,-10.23,
4/28/25,4/30/25,IGA #449,Groceries,Sale,-10.23,
4/28/25,4/30/25,KROGER #545,Groceries,Sale,-10.23,
4/29/25,4/30/25,KROGER #639,Groceries,Sale,-16.48,
4/29/25,5/1/25,IGA #476,Groceries,Sale,-133.09,
4/29/25,5/1/25,WALMART #452,Groceries,Sale,-203.04,
4/29/25,5/1/25,IGA #332,Groceries,Sale,-156.41,
4/29/25,5/2/25,IGA #168,Groceries,Sale,-193.31,
4/29/25,5/2/25,KROGER #317,Groceries,Sale,-117.84,
4/29/25,5/2/25,IGA #476,Groceries,Sale,-10.87,
4/29/25,4/29/25,IGA #168,Groceries,Sale,-10.23,
4/29/25,4/30/25,KROGER #769,Groceries,Sale,-10.23,
4/29/25,5/1/25,KROGER #317,Groceries,Sale,-10.23,
4/29/25,5/1/25,IGA #168,Groceries,Sale,-10.23,
4/29/25,4/30/25,WALMART #175,Groceries,Sale,-10.23,
4/29/25,5/1/25,WALMART #846,Groceries,Sale,-10.23,
4/29/25,5/1/25,KROGER #639,Groceries,Sale,-10.23,
4/29/25,4/29/25,KROGER #545,Groceries,Sale,-10.23,
4/29/25,5/2/25,IGA #560,Groceries,Sale,-10.23,
4/29/25,5/1/25,WALMART #175,Groceries,Sale,-10.23,
4/29/25,5/2/25,KROGER #545,Groceries,Sale,-10.23,
4/29/25,4/30/25,IGA #332,Groceries,Sale,-10.23,
5/1/25,5/2/25,VERIZON,Bills & Utilities,Sale,-276.47,
5/1/25,5/4/25,FEES & ADJUSTMENTS SVC 202,Fees & Adjustments,Fee,-24.16,
5/1/25,5/2/25,WALMART #452,Groceries,Sale,-16.14,
5/1/25,5/1/25,KROGER #545,Groceries,Sale,-16.73,
5/1/25,5/4/25,STARBUCKS 7449,Food & Drink,Sale,-1.2,
5/1/25,5/1/25,AUTOMOTIVE SVC 61,Automotive,Sale,-315.65,
5/1/25,5/1/25,GAS SVC 731,Gas,Sale,-55.84,
5/1/25,5/2/25,WALMART #175,Groceries,Sale,-22.08,
5/1/25,5/1/25,IGA #168,Groceries,Sale,-53.49,
5/1/25,5/3/25,BILLS & UTILITIES SVC 226,Bills & Utilities,Sale,-111.45,
5/1/25,5/1/25,ONLINE PAYMENT - THANK YOU,Fees & Adjustments,Payment,499.07,
5/1/25,5/4/25,DUBOIS COUNTY TIRE &amp; SUPP - SVC,Automotive,Sale,-23.75,
5/1/25,5/4/25,KROGER #639,Groceries,Sale,-12.38,
5/1/25,5/4/25,IGA #168,Groceries,Sale,-203.35,
5/1/25,5/4/25,IGA #168,Groceries,Sale,-11.08,
5/1/25,5/3/25,WALMART #175,Groceries,Sale,-16.48,
5/1/25,5/1/25,KROGER #769,Groceries,Sale,-217.91,
5/1/25,5/2/25,IGA #332,Groceries,Sale,-203.04,
5/1/25,5/2/25,KROGER #545,Groceries,Sale,-160.05,
5/1/25,5/3/25,IGA #476,Groceries,Sale,-191.13,
5/1/25,5/2/25,IGA #476,Groceries,Sale,-11.08,
5/1/25,5/3/25,KROGER #639,Groceries,Sale,-217.91,
5/1/25,5/3/25,IGA #449,Groceries,Sale,-203.04,
5/1/25,5/2/25,IGA #168,Groceries,Sale,-10.23,
5/1/25,5/2/25,KROGER #769,Groceries,Sale,-10.87,
5/1/25,5/3/25,IGA #168,Groceries,Sale,-10.23,
5/1/25,5/1/25,IGA #332,Groceries,Sale,-10.23,
5/1/25,5/2/25,WALMART #846,Groceries,Sale,-10.23,
5/1/25,5/4/25,KROGER #769,Groceries,Sale,-10.23,
5/1/25,5/3/25,KROGER #317,Groceries,Sale,-10.23,
5/1/25,5/4/25,IGA #332,Groceries,Sale,-10.23,
5/1/25,5/3/25,IGA #476,Groceries,Sale,-10.23,
5/1/25,5/2/25,KROGER #639,Groceries,Sale,-10.23,
5/1/25,5/1/25,WALMART #175,Groceries,Sale,-10.23,
5/1/25,5/2/25,IGA #560,Groceries,Sale,-10.23,
5/1/25,5/4/25,WALMART #846,Groceries,Sale,-10.23,
5/1/25,5/2/25,KROGER #769,Groceries,Sale,-10.23,
5/1/25,5/3/25,IGA #449,Groceries,Sale,-10.23,
5/1/25,5/4/25,IGA #449,Groceries,Sale,-10.23,
5/1/25,5/2/25,IGA #449,Groceries,Sale,-10.23,
5/1/25,5/3/25,KROGER #639,Groceries,Sale,-10.23,
5/1/25,5/4/25,IGA #560,Groceries,Sale,-10.23,
5/1/25,5/3/25,KROGER #545,Groceries,Sale,-10.23,
5/1/25,5/3/25,IGA #168,Groceries,Sale,-10.23,
5/5/25,5/7/25,ONLINE PAYMENT - THANK YOU,Groceries,Payment,2100.27,
5/5/25,5/8/25,WALMART #175,Groceries,Sale,-16.73,
5/5/25,5/7/25,GROCERIES SVC 583,Groceries,Sale,-114.2,
5/5/25,5/7/25,IGA #560,Groceries,Sale,-203.04,
5/5/25,5/6/25,IGA #476,Groceries,Sale,-290.07,
5/5/25,5/6/25,IGA #332,Groceries,Sale,-290.79,
5/5/25,5/7/25,BP 5012,Gas,Sale,-15.75,
5/5/25,5/6/25,STARBUCKS 7449,Food & Drink,Sale,-6.84,
5/5/25,5/8/25,IGA #476,Groceries,Sale,-167.31,
5/5/25,5/8/25,IGA #449,Groceries,Sale,-11.08,
5/5/25,5/8/25,IGA #560,Groceries,Sale,-7.37,
5/5/25,5/8/25,KROGER #317,Groceries,Sale,-16.73,
5/5/25,5/7/25,WALMART #452,Groceries,Sale,-191.13,
5/5/25,5/5/25,ONLINE PAYMENT - THANK YOU,Education,Payment,714.28,
5/5/25,5/8/25,KROGER #769,Groceries,Sale,-100.86,
5/5/25,5/8/25,WALMART #452,Groceries,Sale,-10.23,
5/5/25,5/7/25,IGA #560,Groceries,Sale,-10.87,
5/5/25,5/6/25,IGA #168,Groceries,Sale,-11.08,
5/5/25,5/8/25,KROGER #317,Groceries,Sale,-10.87,
5/5/25,5/6/25,WALMART #175,Groceries,Sale,-10.23,
5/5/25,5/7/25,IGA #332,Groceries,Sale,-10.23,
5/5/25,5/8/25,KROGER #639,Groceries,Sale,-10.23,
5/5/25,5/6/25,IGA #449,Groceries,Sale,-10.23,
5/5/25,5/8/25,IGA #449,Groceries,Sale,-10.23,
5/5/25,5/6/25,KROGER #317,Groceries,Sale,-10.23,
5/5/25,5/6/25,IGA #560,Groceries,Sale,-10.23,
5/5/25,5/5/25,KROGER #545,Groceries,Sale,-10.23,
5/5/25,5/6/25,WALMART #452,Groceries,Sale,-10.23,
5/5/25,5/7/25,IGA #476,Groceries,Sale,-10.23,
5/5/25,5/7/25,WALMART #846,Groceries,Sale,-10.23,
5/5/25,5/8/25,KROGER #545,Groceries,Sale,-10.23,
5/5/25,5/6/25,IGA #332,Groceries,Sale,-10.23,
5/5/25,5/8/25,IGA #560,Groceries,Sale,-10.23,
5/10/25,5/10/25,TRAVEL SVC 568,Travel,Sale,-325.29,
5/10/25,5/10/25,IGA #476,Groceries,Sale,-193.31,
5/10/25,5/11/25,IGA #449,Groceries,Sale,-152.09,
5/10/25,5/11/25,WALMART #846,Groceries,Sale,-178.6,
5/10/25,5/11/25,GROCERIES SVC 583,Groceries,Sale,-22.09,
5/10/25,5/12/25,IGA #332,Groceries,Sale,-264.44,
5/10/25,5/10/25,ONLINE PAYMENT - THANK YOU,Gifts & Donations,Payment,343.43,
5/10/25,5/13/25,KROGER #545,Groceries,Sale,-117.84,
5/10/25,5/10/25,ONLINE PAYMENT - THANK YOU,Professional Services,Payment,1217.51,
5/10/25,5/10/25,IGA #332,Groceries,Sale,-218.42,
5/10/25,5/12/25,IGA #168,Groceries,Sale,-11.08,
5/10/25,5/12/25,KROGER #769,Groceries,Sale,-203.04,
5/10/25,5/11/25,IGA #560,Groceries,Sale,-191.13,
5/10/25,5/13/25,WALMART #846,Groceries,Sale,-11.08,
5/10/25,5/10/25,IGA #476,Groceries,Sale,-16.73,
5/10/25,5/11/25,IGA #168,Groceries,Sale,-11.08,
5/10/25,5/13/25,IGA #449,Groceries,Sale,-10.87,
5/10/25,5/10/25,WALMART #175,Groceries,Sale,-124.78,
5/10/25,5/11/25,IGA #560,Groceries,Sale,-290.79,
5/10/25,5/12/25,IGA #449,Groceries,Sale,-218.42,
5/10/25,5/10/25,KROGER #639,Groceries,Sale,-290.07,
5/10/25,5/11/25,KROGER #317,Groceries,Sale,-117.84,
5/10/25,5/13/25,IGA #168,Groceries,Sale,-16.48,
5/10/25,5/13/25,IGA #332,Groceries,Sale,-10.87,
5/10/25,5/13/25,WALMART #175,Groceries,Sale,-10.23,
5/10/25,5/12/25,KROGER #545,Groceries,Sale,-10.23,
5/10/25,5/12/25,IGA #560,Groceries,Sale,-10.23,
5/10/25,5/12/25,WALMART #452,Groceries,Sale,-10.23,
5/10/25,5/11/25,KROGER #769,Groceries,Sale,-10.23,
5/10/25,5/11/25,IGA #449,Groceries,Sale,-10.23,
5/10/25,5/12/25,KROGER #317,Groceries,Sale,-10.23,
5/10/25,5/12/25,KROGER #769,Groceries,Sale,-10.23,
5/10/25,5/12/25,IGA #476,Groceries,Sale,-10.23,
5/10/25,5/13/25,KROGER #639,Groceries,Sale,-10.23,
5/10/25,5/10/25,WALMART #452,Groceries,Sale,-10.23,
5/10/25,5/13/25,WALMART #452,Groceries,Sale,-10.23,
5/10/25,5/12/25,WALMART #846,Groceries,Sale,-10.23,
5/10/25,5/11/25,IGA #449,Groceries,Sale,-10.23,
5/10/25,5/12/25,WALMART #175,Groceries,Sale,-10.23,
5/10/25,5/13/25,KROGER #317,Groceries,Sale,-10.23,
5/10/25,5/11/25,IGA #332,Groceries,Sale,-10.23,
5/10/25,5/10/25,KROGER #545,Groceries,Sale,-10.23,
5/10/25,5/11/25,KROGER #545,Groceries,Sale,-10.23,
5/10/25,5/13/25,IGA #560,Groceries,Sale,-10.23,
5/10/25,5/11/25,KROGER #317,Groceries,Sale,-10.23,
5/10/25,5/13/25,WALMART #452,Groceries,Sale,-10.23,
5/11/25,5/14/25,GROCERIES SVC 345,Groceries,Sale,-86.3,
5/11/25,5/11/25,ONLINE PAYMENT - THANK YOU,Education,Payment,499.07,
5/11/25,5/14/25,WALMART #175,Groceries,Sale,-10.23,
5/11/25,5/11/25,ONLINE PAYMENT - THANK YOU,Shopping,Payment,1217.51,
5/11/25,5/14/25,IGA #332,Groceries,Sale,-203.35,
5/11/25,5/12/25,KROGER #317,Groceries,Sale,-14.93,
5/11/25,5/13/25,WALMART #452,Groceries,Sale,-167.31,
5/11/25,5/12/25,WALMART #846,Groceries,Sale,-160.05,
5/11/25,5/13/25,KROGER #769,Groceries,Sale,-124.78,
5/11/25,5/14/25,IGA #332,Groceries,Sale,-245.87,
5/11/25,5/12/25,IGA #449,Groceries,Sale,-114.2,
5/11/25,5/13/25,KROGER #545,Groceries,Sale,-14.93,
5/11/25,5/12/25,KROGER #545,Groceries,Sale,-16.73,
5/11/25,5/11/25,IGA #560,Groceries,Sale,-245.87,
5/11/25,5/13/25,IGA #476,Groceries,Sale,-290.07,
5/11/25,5/14/25,KROGER #545,Groceries,Sale,-151.78,
5/11/25,5/14/25,KROGER #769,Groceries,Sale,-234.33,
5/11/25,5/12/25,KROGER #639,Groceries,Sale,-100.86,
5/11/25,5/14/25,KROGER #317,Groceries,Sale,-11.08,
5/11/25,5/13/25,KROGER #317,Groceries,Sale,-203.35,
5/11/25,5/12/25,IGA #168,Groceries,Sale,-10.23,
5/11/25,5/11/25,KROGER #317,Groceries,Sale,-10.23,
5/11/25,5/14/25,IGA #476,Groceries,Sale,-10.23,
5/11/25,5/14/25,WALMART #175,Groceries,Sale,-10.87,
5/11/25,5/12/25,IGA #560,Groceries,Sale,-10.23,
5/11/25,5/13/25,IGA #332,Groceries,Sale,-10.23,
5/11/25,5/11/25,WALMART #846,Groceries,Sale,-10.23,
5/11/25,5/14/25,IGA #449,Groceries,Sale,-10.23,
5/11/25,5/13/25,KROGER #545,Groceries,Sale,-10.23,
5/11/25,5/12/25,KROGER #769,Groceries,Sale,-10.23,
5/11/25,5/11/25,KROGER #639,Groceries,Sale,-10.23,
5/11/25,5/11/25,IGA #332,Groceries,Sale,-10.23,
5/11/25,5/14/25,KROGER #769,Groceries,Sale,-10.23,
5/11/25,5/12/25,IGA #476,Groceries,Sale,-10.23,
5/11/25,5/14/25,KROGER #545,Groceries,Sale,-10.23,
5/11/25,5/12/25,WALMART #846,Groceries,Sale,-10.23,
5/12/25,5/13/25,HOME SVC 16,Home,Sale,-330.12,
5/14/25,5/14/25,ONLINE PAYMENT - THANK YOU,Shopping,Payment,1451.98,
5/14/25,5/16/25,IGA #168,Groceries,Sale,-290.07,
5/14/25,5/17/25,KROGER #545,Groceries,Sale,-31.25,
5/14/25,5/16/25,IGA #449,Groceries,Sale,-10.87,
5/14/25,5/15/25,KROGER #769,Groceries,Sale,-191.13,
5/14/25,5/16/25,KROGER #639,Groceries,Sale,-290.79,
5/14/25,5/16/25,IGA #560,Groceries,Sale,-100.86,
5/14/25,5/16/25,IGA #332,Groceries,Sale,-11.08,
5/14/25,5/14/25,ONLINE PAYMENT - THANK YOU,Fees & Adjustments,Payment,714.28,
5/14/25,5/15/25,IGA #332,Groceries,Sale,-7.37,
5/14/25,5/17/25,IGA #476,Groceries,Sale,-100.86,
5/14/25,5/17/25,WALMART #846,Groceries,Sale,-10.23,
5/14/25,5/17/25,KROGER #639,Groceries,Sale,-11.08,
5/14/25,5/17/25,WALMART #846,Groceries,Sale,-10.23,
5/14/25,5/16/25,IGA #168,Groceries,Sale,-156.41,
5/14/25,5/16/25,KROGER #769,Groceries,Sale,-31.25,
5/14/25,5/16/25,WALMART #452,Groceries,Sale,-117.84,
5/14/25,5/15/25,IGA #332,Groceries,Sale,-10.23,
5/14/25,5/16/25,KROGER #545,Groceries,Sale,-10.23,
5/14/25,5/17/25,KROGER #769,Groceries,Sale,-10.23,
5/14/25,5/15/25,WALMART #175,Groceries,Sale,-10.23,
5/14/25,5/14/25,IGA #449,Groceries,Sale,-10.23,
5/14/25,5/15/25,KROGER #317,Groceries,Sale,-10.23,
5/14/25,5/14/25,IGA #560,Groceries,Sale,-10.23,
5/14/25,5/14/25,WALMART #452,Groceries,Sale,-10.23,
5/14/25,5/15/25,KROGER #639,Groceries,Sale,-10.23,
5/14/25,5/17/25,IGA #332,Groceries,Sale,-10.23,
5/14/25,5/15/25,IGA #476,Groceries,Sale,-10.23,
5/14/25,5/17/25,KROGER #545,Groceries,Sale,-10.23,
5/14/25,5/16/25,KROGER #317,Groceries,Sale,-10.23,
5/14/25,5/15/25,WALMART #846,Groceries,Sale,-10.23,
5/15/25,5/16/25,RETURN - HOME DEPOT,Shopping,Return,157.65,
5/15/25,5/18/25,BP 5012,Gas,Sale,-78.93,
5/15/25,5/17/25,KROGER #639,Groceries,Sale,-203.35,
5/15/25,5/15/25,IGA #332,Groceries,Sale,-114.2,
5/15/25,5/17/25,IGA #560,Groceries,Sale,-151.78,
5/15/25,5/17/25,WALMART #175,Groceries,Sale,-11.08,
5/15/25,5/16/25,IGA #332,Groceries,Sale,-16.48,
5/15/25,5/17/25,KROGER #317,Groceries,Sale,-125.13,
5/15/25,5/17/25,WALMART #175,Groceries,Sale,-11.08,
5/15/25,5/15/25,KROGER #317,Groceries,Sale,-191.13,
5/15/25,5/15/25,KROGER #769,Groceries,Sale,-156.41,
5/15/25,5/16/25,IGA #560,Groceries,Sale,-218.42,
5/15/25,5/15/25,IGA #476,Groceries,Sale,-31.84,
5/15/25,5/16/25,WALMART #175,Groceries,Sale,-156.41,
5/15/25,5/15/25,IGA #332,Groceries,Sale,-31.25,
5/15/25,5/15/25,KROGER #545,Groceries,Sale,-11.08,
5/15/25,5/17/25,WALMART #452,Groceries,Sale,-10.87,
5/15/25,5/16/25,WALMART #846,Groceries,Sale,-10.23,
5/15/25,5/18/25,KROGER #769,Groceries,Sale,-10.87,
5/15/25,5/17/25,IGA #476,Groceries,Sale,-10.23,
5/15/25,5/17/25,WALMART #175,Groceries,Sale,-10.23,
5/15/25,5/17/25,IGA #560,Groceries,Sale,-10.23,
5/15/25,5/16/25,IGA #449,Groceries,Sale,-10.23,
5/15/25,5/18/25,KROGER #639,Groceries,Sale,-10.23,
5/15/25,5/17/25,IGA #449,Groceries,Sale,-10.23,
5/15/25,5/16/25,IGA #168,Groceries,Sale,-10.23,
5/15/25,5/17/25,KROGER #317,Groceries,Sale,-10.23,
5/15/25,5/17/25,WALMART #846,Groceries,Sale,-10.23,
5/15/25,5/17/25,IGA #168,Groceries,Sale,-10.23,
5/15/25,5/18/25,WALMART #452,Groceries,Sale,-10.23,
5/15/25,5/18/25,IGA #560,Groceries,Sale,-10.23,
5/15/25,5/16/25,WALMART #452,Groceries,Sale,-10.23,
5/15/25,5/15/25,IGA #332,Groceries,Sale,-10.23,
5/15/25,5/16/25,KROGER #769,Groceries,Sale,-10.23,
5/16/25,5/18/25,FOOD & DRINK SVC 547,Food & Drink,Sale,-172.63,
5/16/25,5/18/25,GAS SVC 731,Gas,Sale,-59.83,
5/16/25,5/16/25,IGA #476,Groceries,Sale,-10.87,
5/16/25,5/17/25,KROGER #317,Groceries,Sale,-5.06,
5/16/25,5/17/25,ENTERTAINMENT SVC 947,Entertainment,Sale,-140.75,
5/16/25,5/17/25,KROGER #545,Groceries,Sale,-100.86,
5/16/25,5/16/25,RETURN - EBAY,Shopping,Return,241.22,
5/16/25,5/19/25,WALMART #846,Groceries,Sale,-203.35,
5/16/25,5/17/25,IGA #476,Groceries,Sale,-203.04,
5/16/25,5/19/25,IGA #449,Groceries,Sale,-167.31,
5/16/25,5/18/25,IGA #332,Groceries,Sale,-124.78,
5/16/25,5/16/25,KROGER #639,Groceries,Sale,-160.05,
5/16/25,5/18/25,KROGER #545,Groceries,Sale,-10.23,
5/16/25,5/18/25,IGA #449,Groceries,Sale,-10.23,
5/16/25,5/16/25,WALMART #452,Groceries,Sale,-10.23,
5/16/25,5/17/25,IGA #168,Groceries,Sale,-10.23,
5/16/25,5/19/25,WALMART #846,Groceries,Sale,-10.23,
5/16/25,5/19/25,KROGER #317,Groceries,Sale,-10.23,
5/16/25,5/17/25,IGA #332,Groceries,Sale,-10.23,
5/16/25,5/17/25,KROGER #769,Groceries,Sale,-10.23,
5/16/25,5/17/25,WALMART #175,Groceries,Sale,-10.23,
5/16/25,5/17/25,KROGER #639,Groceries,Sale,-10.23,
5/16/25,5/17/25,IGA #449,Groceries,Sale,-10.23,
5/16/25,5/19/25,IGA #332,Groceries,Sale,-10.23,
5/16/25,5/17/25,IGA #476,Groceries,Sale,-10.23,
5/16/25,5/19/25,WALMART #452,Groceries,Sale,-10.23,
5/16/25,5/19/25,IGA #449,Groceries,Sale,-10.23,
5/16/25,5/19/25,KROGER #769,Groceries,Sale,-10.23,
5/16/25,5/18/25,KROGER #317,Groceries,Sale,-10.23,
5/17/25,5/19/25,SHEETZ 5158,Gas,Sale,-68.82,
5/17/25,5/19/25,AUTOMOTIVE SVC 61,Automotive,Sale,-71.43,
5/17/25,5/18/25,WALMART #452,Groceries,Sale,-203.35,
5/17/25,5/17/25,ONLINE PAYMENT - THANK YOU,Travel,Payment,1217.51,
5/17/25,5/17/25,ONLINE PAYMENT - THANK YOU,Food & Drink,Payment,1093.08,
5/17/25,5/20/25,KROGER #545,Groceries,Sale,-160.05,
5/17/25,5/17/25,IGA #168,Groceries,Sale,-7.37,
5/17/25,5/17/25,ONLINE PAYMENT - THANK YOU,Health & Wellness,Payment,1451.98,
5/17/25,5/20/25,FEES & ADJUSTMENTS SVC 423,Fees & Adjustments,Fee,-31.29,
5/17/25,5/18/25,WALMART #846,Groceries,Sale,-218.42,
5/17/25,5/20/25,KROGER #317,Groceries,Sale,-33.45,
5/17/25,5/18/25,IGA #449,Groceries,Sale,-100.29,
5/17/25,5/20/25,KROGER #639,Groceries,Sale,-203.35,
5/17/25,5/19/25,KROGER #769,Groceries,Sale,-156.41,
5/17/25,5/17/25,KROGER #545,Groceries,Sale,-156.41,
5/17/25,5/18/25,IGA #449,Groceries,Sale,-191.13,
5/17/25,5/19/25,IGA #168,Groceries,Sale,-30.56,
5/17/25,5/19/25,KROGER #317,Groceries,Sale,-10.23,
5/17/25,5/17/25,KROGER #639,Groceries,Sale,-11.08,
5/17/25,5/18/25,IGA #332,Groceries,Sale,-10.87,
5/17/25,5/17/25,IGA #476,Groceries,Sale,-11.08,
5/17/25,5/20/25,WALMART #175,Groceries,Sale,-10.23,
5/17/25,5/18/25,KROGER #769,Groceries,Sale,-10.23,
5/17/25,5/17/25,IGA #560,Groceries,Sale,-10.23,
5/17/25,5/20/25,IGA #332,Groceries,Sale,-10.23,
5/17/25,5/17/25,IGA #449,Groceries,Sale,-10.23,
5/17/25,5/17/25,IGA #168,Groceries,Sale,-10.23,
5/17/25,5/19/25,KROGER #317,Groceries,Sale,-10.23,
5/17/25,5/19/25,KROGER #769,Groceries,Sale,-10.23,
5/17/25,5/18/25,IGA #168,Groceries,Sale,-10.23,
5/17/25,5/18/25,WALMART #452,Groceries,Sale,-10.23,
5/17/25,5/18/25,KROGER #545,Groceries,Sale,-10.23,
5/17/25,5/20/25,IGA #560,Groceries,Sale,-10.23,
5/19/25,5/19/25,ONLINE PAYMENT - THANK YOU,Automotive,Payment,282.68,
5/19/25,5/20/25,IGA #560,Groceries,Sale,-203.04,
5/19/25,5/21/25,IGA #449,Groceries,Sale,-10.23,
5/19/25,5/21/25,IGA #332,Groceries,Sale,-10.23,
5/19/25,5/22/25,WALMART #846,Groceries,Sale,-218.42,
5/19/25,5/21/25,WALMART #452,Groceries,Sale,-100.86,
5/19/25,5/20/25,KROGER #317,Groceries,Sale,-31.63,
5/19/25,5/20/25,IGA #168,Groceries,Sale,-16.73,
5/19/25,5/19/25,KROGER #317,Groceries,Sale,-11.08,
5/19/25,5/21/25,IGA #476,Groceries,Sale,-10.23,
5/19/25,5/20/25,IGA #168,Groceries,Sale,-10.23,
5/19/25,5/19/25,KROGER #545,Groceries,Sale,-10.23,
5/19/25,5/22/25,KROGER #639,Groceries,Sale,-10.23,
5/19/25,5/22/25,WALMART #452,Groceries,Sale,-10.23,
5/19/25,5/21/25,KROGER #545,Groceries,Sale,-10.23,
5/19/25,5/22/25,IGA #449,Groceries,Sale,-10.23,
5/19/25,5/20/25,IGA #332,Groceries,Sale,-10.23,
5/19/25,5/20/25,KROGER #769,Groceries,Sale,-10.23,
5/19/25,5/20/25,KROGER #639,Groceries,Sale,-10.23,
5/19/25,5/21/25,WALMART #175,Groceries,Sale,-10.23,
5/19/25,5/22/25,KROGER #769,Groceries,Sale,-10.23,
5/19/25,5/20/25,IGA #449,Groceries,Sale,-10.23,
5/19/25,5/20/25,IGA #560,Groceries,Sale,-10.23,
5/19/25,5/22/25,IGA #560,Groceries,Sale,-10.23,
5/20/25,5/20/25,KROGER #545,Groceries,Sale,-264.44,
5/20/25,5/22/25,AMAZON MKTPL*6G7I9V0K,Shopping,Sale,-158.46,
5/20/25,5/20/25,ONLINE PAYMENT - THANK YOU,Travel,Payment,714.28,
5/20/25,5/22/25,KROGER #769,Groceries,Sale,-191.13,
5/20/25,5/20/25,IGA #449,Groceries,Sale,-16.73,
5/20/25,5/23/25,KROGER #317,Groceries,Sale,-290.07,
5/20/25,5/22/25,WALMART #452,Groceries,Sale,-10.23,
5/20/25,5/23/25,IGA #168,Groceries,Sale,-14.93,
5/20/25,5/21/25,IGA #476,Groceries,Sale,-14.93,
5/20/25,5/20/25,WALMART #175,Groceries,Sale,-290.07,
5/20/25,5/23/25,IGA #560,Groceries,Sale,-16.48,
5/20/25,5/21/25,WALMART #846,Groceries,Sale,-12.38,
5/20/25,5/23/25,IGA #560,Groceries,Sale,-10.23,
5/20/25,5/21/25,IGA #449,Groceries,Sale,-11.08,
5/20/25,5/21/25,KROGER #317,Groceries,Sale,-10.23,
5/20/25,5/20/25,IGA #476,Groceries,Sale,-10.23,
5/20/25,5/21/25,KROGER #769,Groceries,Sale,-10.23,
5/20/25,5/20/25,KROGER #639,Groceries,Sale,-10.23,
5/20/25,5/22/25,KROGER #317,Groceries,Sale,-10.23,
5/20/25,5/23/25,WALMART #846,Groceries,Sale,-10.23,
5/20/25,5/20/25,KROGER #545,Groceries,Sale,-10.23,
5/20/25,5/21/25,WALMART #452,Groceries,Sale,-10.23,
5/20/25,5/22/25,IGA #332,Groceries,Sale,-10.23,
5/20/25,5/23/25,IGA #449,Groceries,Sale,-10.23,
5/20/25,5/21/25,IGA #332,Groceries,Sale,-10.23,
5/20/25,5/22/25,IGA #168,Groceries,Sale,-10.23,
5/20/25,5/20/25,WALMART #846,Groceries,Sale,-10.23,
5/20/25,5/23/25,KROGER #545,Groceries,Sale,-10.23,
5/20/25,5/22/25,IGA #560,Groceries,Sale,-10.23,
5/20/25,5/21/25,KROGER #317,Groceries,Sale,-10.23,
5/20/25,5/22/25,WALMART #175,Groceries,Sale,-10.23,
5/20/25,5/23/25,WALMART #452,Groceries,Sale,-10.23,
5/20/25,5/22/25,KROGER #769,Groceries,Sale,-10.23,
5/20/25,5/21/25,IGA #168,Groceries,Sale,-10.23,
5/20/25,5/22/25,KROGER #545,Groceries,Sale,-10.23,
5/22/25,5/25/25,AT&T MOBILITY,Bills & Utilities,Sale,-124.11,
5/22/25,5/22/25,GROCERIES SVC 583,Groceries,Sale,-217.91,
5/22/25,5/22/25,STARBUCKS 7449,Food & Drink,Sale,-6.77,
5/22/25,5/25/25,IGA #476,Groceries,Sale,-86.3,
5/22/25,5/25/25,WALMART #175,Groceries,Sale,-12.38,
5/22/25,5/25/25,GROCERIES SVC 345,Groceries,Sale,-217.91,
5/22/25,5/22/25,KROGER #639,Groceries,Sale,-100.29,
5/22/25,5/25/25,WALMART #175,Groceries,Sale,-125.13,
5/22/25,5/22/25,IGA #168,Groceries,Sale,-160.05,
5/22/25,5/23/25,KROGER #317,Groceries,Sale,-11.08,
5/22/25,5/25/25,KROGER #317,Groceries,Sale,-31.84,
5/22/25,5/25/25,IGA #168,Groceries,Sale,-151.78,
5/22/25,5/22/25,WALMART #452,Groceries,Sale,-10.87,
5/22/25,5/24/25,KROGER #639,Groceries,Sale,-167.31,
5/22/25,5/24/25,IGA #332,Groceries,Sale,-10.23,
5/22/25,5/25/25,KROGER #769,Groceries,Sale,-11.08,
5/22/25,5/23/25,IGA #449,Groceries,Sale,-10.23,
5/22/25,5/24/25,WALMART #175,Groceries,Sale,-10.23,
5/22/25,5/22/25,IGA #332,Groceries,Sale,-10.23,
5/22/25,5/23/25,KROGER #545,Groceries,Sale,-10.23,
5/22/25,5/24/25,KROGER #317,Groceries,Sale,-10.23,
5/22/25,5/25/25,WALMART #846,Groceries,Sale,-10.23,
5/22/25,5/24/25,IGA #168,Groceries,Sale,-10.23,
5/22/25,5/25/25,IGA #476,Groceries,Sale,-10.23,
5/22/25,5/23/25,IGA #560,Groceries,Sale,-10.23,
5/22/25,5/24/25,KROGER #545,Groceries,Sale,-10.23,
5/22/25,5/23/25,KROGER #769,Groceries,Sale,-10.23,
5/22/25,5/23/25,KROGER #639,Groceries,Sale,-10.23,
5/22/25,5/22/25,WALMART #175,Groceries,Sale,-10.23,
5/22/25,5/25/25,WALMART #452,Groceries,Sale,-10.23,
5/23/25,5/25/25,IGA #476,Groceries,Sale,-31.63,
5/23/25,5/23/25,ONLINE PAYMENT - THANK YOU,Personal,Payment,714.28,
5/23/25,5/26/25,KROGER #317,Groceries,Sale,-16.48,
5/23/25,5/25/25,WALMART #175,Groceries,Sale,-191.13,
5/23/25,5/26/25,KROGER #317,Groceries,Sale,-218.42,
5/23/25,5/26/25,KROGER #545,Groceries,Sale,-234.33,
5/23/25,5/24/25,WALMART #846,Groceries,Sale,-290.07,
5/23/25,5/24/25,KROGER #545,Groceries,Sale,-203.35,
5/23/25,5/23/25,IGA #560,Groceries,Sale,-11.08,
5/23/25,5/24/25,IGA #476,Groceries,Sale,-203.35,
5/23/25,5/25/25,WALMART #846,Groceries,Sale,-290.79,
5/23/25,5/26/25,IGA #168,Groceries,Sale,-100.29,
5/23/25,5/25/25,KROGER #769,Groceries,Sale,-290.79,
5/23/25,5/24/25,IGA #168,Groceries,Sale,-10.87,
5/23/25,5/24/25,KROGER #769,Groceries,Sale,-10.23,
5/23/25,5/26/25,WALMART #452,Groceries,Sale,-10.87,
5/23/25,5/25/25,IGA #560,Groceries,Sale,-10.23,
5/23/25,5/26/25,KROGER #639,Groceries,Sale,-11.08,
5/23/25,5/25/25,WALMART #175,Groceries,Sale,-10.23,
5/23/25,5/25/25,IGA #449,Groceries,Sale,-10.23,
5/23/25,5/24/25,KROGER #317,Groceries,Sale,-10.23,
5/23/25,5/24/25,IGA #168,Groceries,Sale,-10.23,
5/23/25,5/25/25,IGA #476,Groceries,Sale,-10.23,
5/23/25,5/23/25,IGA #449,Groceries,Sale,-10.23,
5/23/25,5/26/25,WALMART #452,Groceries,Sale,-10.23,
5/23/25,5/24/25,KROGER #639,Groceries,Sale,-10.23,
5/23/25,5/25/25,KROGER #545,Groceries,Sale,-10.23,
5/23/25,5/24/25,IGA #332,Groceries,Sale,-10.23,
5/23/25,5/24/25,KROGER #769,Groceries,Sale,-10.23,
5/23/25,5/26/25,IGA #560,Groceries,Sale,-10.23,
5/23/25,5/25/25,WALMART #452,Groceries,Sale,-10.23,
5/23/25,5/26/25,KROGER #769,Groceries,Sale,-10.23,
5/23/25,5/25/25,WALMART #846,Groceries,Sale,-10.23,
5/23/25,5/24/25,IGA #476,Groceries,Sale,-10.23,
5/23/25,5/23/25,KROGER #639,Groceries,Sale,-10.23,
5/23/25,5/24/25,IGA #168,Groceries,Sale,-10.23,
5/23/25,5/24/25,IGA #449,Groceries,Sale,-10.23,
5/24/25,5/27/25,IGA #168,Groceries,Sale,-53.49,
5/25/25,5/25/25,HOME SVC 151,Home,Sale,-193.31,
5/25/25,5/27/25,HEALTH & WELLNESS SVC 370,Health & Wellness,Sale,-112.38,
5/25/25,5/25/25,KROGER #545,Groceries,Sale,-33.45,
5/25/25,5/27/25,IGA #449,Groceries,Sale,-160.05,
5/25/25,5/27/25,IGA #476,Groceries,Sale,-10.87,
5/25/25,5/28/25,IGA #560,Groceries,Sale,-124.78,
5/25/25,5/27/25,WALMART #846,Groceries,Sale,-16.48,
5/25/25,5/28/25,WALMART #452,Groceries,Sale,-10.23,
5/25/25,5/25/25,KROGER #769,Groceries,Sale,-10.23,
5/25/25,5/26/25,KROGER #639,Groceries,Sale,-10.23,
5/25/25,5/26/25,IGA #476,Groceries,Sale,-10.23,
5/25/25,5/28/25,KROGER #317,Groceries,Sale,-10.23,
5/25/25,5/26/25,IGA #332,Groceries,Sale,-10.23,
5/25/25,5/25/25,IGA #168,Groceries,Sale,-10.23,
5/25/25,5/26/25,KROGER #545,Groceries,Sale,-10.23,
5/25/25,5/28/25,IGA #449,Groceries,Sale,-10.23,
5/25/25,5/28/25,KROGER #545,Groceries,Sale,-10.23,
5/25/25,5/27/25,KROGER #769,Groceries,Sale,-10.23,
5/25/25,5/26/25,IGA #560,Groceries,Sale,-10.23,
5/25/25,5/28/25,WALMART #175,Groceries,Sale,-10.23,
5/26/25,5/26/25,ONLINE PAYMENT - THANK YOU,Personal,Payment,282.68,
5/26/25,5/29/25,IGA #449,Groceries,Sale,-179.99,
5/26/25,5/27/25,SPEEDWAY 7291,Gas,Sale,-66.6,
5/26/25,5/29/25,KROGER #545,Groceries,Sale,-245.87,
5/26/25,5/28/25,HOME SVC 151,Home,Sale,-345.54,
5/26/25,5/27/25,IGA #449,Groceries,Sale,-203.04,
5/26/25,5/27/25,GAS SVC 731,Gas,Sale,-78.93,
5/26/25,5/28/25,IGA #476,Groceries,Sale,-234.33,
5/26/25,5/29/25,KROGER #317,Groceries,Sale,-203.04,
5/26/25,5/29/25,WALMART #452,Groceries,Sale,-193.31,
5/26/25,5/28/25,IGA #168,Groceries,Sale,-31.63,
5/26/25,5/27/25,IGA #449,Groceries,Sale,-10.23,
5/26/25,5/27/25,IGA #560,Groceries,Sale,-125.13,
5/26/25,5/26/25,KROGER #639,Groceries,Sale,-10.23,
5/26/25,5/28/25,KROGER #769,Groceries,Sale,-11.08,
5/26/25,5/29/25,WALMART #846,Groceries,Sale,-31.25,
5/26/25,5/27/25,IGA #476,Groceries,Sale,-14.93,
5/26/25,5/29/25,IGA #332,Groceries,Sale,-10.87,
5/26/25,5/29/25,KROGER #317,Groceries,Sale,-10.23,
5/26/25,5/29/25,IGA #560,Groceries,Sale,-10.23,
5/26/25,5/28/25,WALMART #452,Groceries,Sale,-10.23,
5/26/25,5/26/25,IGA #449,Groceries,Sale,-10.23,
5/26/25,5/26/25,KROGER #545,Groceries,Sale,-10.23,
5/26/25,5/27/25,KROGER #639,Groceries,Sale,-10.23,
5/26/25,5/27/25,KROGER #769,Groceries,Sale,-10.23,
5/26/25,5/27/25,IGA #168,Groceries,Sale,-10.23,
5/26/25,5/28/25,KROGER #317,Groceries,Sale,-10.23,
5/26/25,5/29/25,WALMART #175,Groceries,Sale,-10.23,
5/26/25,5/29/25,IGA #476,Groceries,Sale,-10.23,
5/26/25,5/27/25,KROGER #317,Groceries,Sale,-10.23,
5/26/25,5/27/25,KROGER #545,Groceries,Sale,-10.23,
5/26/25,5/28/25,IGA #332,Groceries,Sale,-10.23,
5/26/25,5/29/25,KROGER #545,Groceries,Sale,-10.23,
5/26/25,5/28/25,WALMART #175,Groceries,Sale,-10.23,
5/26/25,5/27/25,WALMART #846,Groceries,Sale,-10.23,
5/27/25,5/30/25,NTB TIRE & SVC - SVC,Automotive,Sale,-21.46,
5/27/25,5/30/25,KROGER #545,Groceries,Sale,-16.48,
5/27/25,5/29/25,KROGER #545,Groceries,Sale,-10.23,
5/27/25,5/30/25,IGA #168,Groceries,Sale,-10.23,
5/27/25,5/27/25,KROGER #769,Groceries,Sale,-10.23,
5/27/25,5/28/25,KROGER #317,Groceries,Sale,-10.23,
5/27/25,5/30/25,WALMART #846,Groceries,Sale,-10.23,
5/27/25,5/30/25,KROGER #639,Groceries,Sale,-10.23,
5/27/25,5/30/25,IGA #332,Groceries,Sale,-10.23,
5/27/25,5/29/25,IGA #449,Groceries,Sale,-10.23,
5/27/25,5/27/25,IGA #476,Groceries,Sale,-10.23,
5/27/25,5/29/25,KROGER #317,Groceries,Sale,-10.23,
5/27/25,5/30/25,KROGER #545,Groceries,Sale,-10.23,
5/27/25,5/27/25,WALMART #452,Groceries,Sale,-10.23,
5/28/25,5/28/25,ONLINE PAYMENT - THANK YOU,Automotive,Payment,282.68,
5/28/25,5/29/25,RETURN - TARGET,Shopping,Return,212.91,
5/28/25,5/30/25,SHEETZ 5158,Gas,Sale,-41.74,
5/28/25,5/31/25,KROGER #639,Groceries,Sale,-245.87,
5/28/25,5/28/25,BP 5328,Gas,Sale,-35.19,
5/28/25,5/30/25,WALMART #846,Groceries,Sale,-270.83,
5/28/25,5/29/25,WALMART #175,Groceries,Sale,-114.2,
5/28/25,5/30/25,IGA #449,Groceries,Sale,-151.78,
5/28/25,5/30/25,KROGER #317,Groceries,Sale,-217.91,
5/28/25,5/30/25,IGA #168,Groceries,Sale,-100.86,
5/28/25,5/31/25,WALMART #175,Groceries,Sale,-16.48,
5/28/25,5/30/25,IGA #168,Groceries,Sale,-114.2,
5/28/25,5/28/25,KROGER #769,Groceries,Sale,-16.73,
5/28/25,5/30/25,KROGER #769,Groceries,Sale,-11.08,
5/28/25,5/31/25,KROGER #545,Groceries,Sale,-10.87,
5/28/25,5/30/25,IGA #332,Groceries,Sale,-10.23,
5/28/25,5/29/25,KROGER #545,Groceries,Sale,-10.23,
5/28/25,5/29/25,WALMART #175,Groceries,Sale,-10.23,
5/28/25,5/29/25,IGA #476,Groceries,Sale,-10.23,
5/28/25,5/31/25,KROGER #639,Groceries,Sale,-10.23,
5/28/25,5/29/25,WALMART #452,Groceries,Sale,-10.23,
5/28/25,5/30/25,KROGER #317,Groceries,Sale,-10.23,
5/28/25,5/31/25,KROGER #545,Groceries,Sale,-10.23,
5/28/25,5/29/25,IGA #449,Groceries,Sale,-10.23,
5/28/25,5/28/25,KROGER #639,Groceries,Sale,-10.23,
5/28/25,5/30/25,IGA #449,Groceries,Sale,-10.23,
5/28/25,5/28/25,IGA #168,Groceries,Sale,-10.23,
5/28/25,5/28/25,IGA #332,Groceries,Sale,-10.23,